semana_id,anio_epi,semana,fecha_inicio,fecha_fin,precipitacion_mm,precip_7d,precip_30d,precip_90d,spi3,spi6,spi12,tmin,tmax,tmean,humedad
1991-W02,1991,2,1991-01-07,1991-01-13,7.5,7.5,,,,,,23.157,29.743,25.686,76.571
1991-W03,1991,3,1991-01-14,1991-01-20,4.7,4.7,,,,,,22.886,30.914,26.157,70.857
1991-W04,1991,4,1991-01-21,1991-01-27,5.5,5.5,,,,,,22.9,30.529,25.943,71.0
1991-W05,1991,5,1991-01-28,1991-02-03,65.7,65.7,83.4,,,,,23.157,28.686,25.243,82.286
1991-W06,1991,6,1991-02-04,1991-02-10,91.1,91.1,167.0,,,,,23.771,28.929,25.543,84.714
1991-W07,1991,7,1991-02-11,1991-02-17,36.9,36.9,199.2,,,,,23.529,28.186,25.271,86.0
1991-W08,1991,8,1991-02-18,1991-02-24,43.8,43.8,237.5,,,,,23.286,28.271,25.071,86.429
1991-W09,1991,9,1991-02-25,1991-03-03,36.7,36.7,208.5,,,,,23.543,30.0,26.114,83.571
1991-W10,1991,10,1991-03-04,1991-03-10,12.1,12.1,129.5,,,,,24.286,30.086,26.614,81.714
1991-W11,1991,11,1991-03-11,1991-03-17,56.9,56.9,149.5,,,,,23.686,29.357,25.871,84.429
1991-W12,1991,12,1991-03-18,1991-03-24,71.4,71.4,177.1,,,,,23.814,28.671,25.7,85.714
1991-W13,1991,13,1991-03-25,1991-03-31,7.1,7.1,147.5,,,,,23.6,29.771,26.086,82.571
1991-W14,1991,14,1991-04-01,1991-04-07,27.8,27.8,163.2,467.2,-1.614,,,23.371,29.429,25.657,81.571
1991-W15,1991,15,1991-04-08,1991-04-14,32.7,32.7,139.0,492.4,-1.546,,,23.171,29.129,25.486,82.857
1991-W16,1991,16,1991-04-15,1991-04-21,36.4,36.4,104.0,524.1,-1.451,,,23.271,29.243,25.6,83.143
1991-W17,1991,17,1991-04-22,1991-04-28,62.7,62.7,159.6,581.3,-1.145,,,23.0,28.3,25.043,86.714
1991-W18,1991,18,1991-04-29,1991-05-05,15.0,15.0,146.8,530.6,-1.171,,,23.443,28.557,25.414,85.0
1991-W19,1991,19,1991-05-06,1991-05-12,28.9,28.9,143.0,468.4,-1.292,,,23.086,28.771,25.314,84.857
1991-W20,1991,20,1991-05-13,1991-05-19,48.0,48.0,154.6,479.5,-1.09,,,23.029,27.843,24.8,87.714
1991-W21,1991,21,1991-05-20,1991-05-26,5.1,5.1,97.0,440.8,-1.031,,,23.029,29.229,25.586,81.714
1991-W22,1991,22,1991-05-27,1991-06-02,34.5,34.5,116.5,438.6,-0.831,,,22.586,28.8,24.857,83.286
1991-W23,1991,23,1991-06-03,1991-06-09,1.0,1.0,88.6,427.5,-0.634,,,22.814,29.257,25.329,79.143
1991-W24,1991,24,1991-06-10,1991-06-16,4.2,4.2,44.8,374.8,-0.642,,,22.371,29.114,24.929,77.857
1991-W25,1991,25,1991-06-17,1991-06-23,32.4,32.4,72.1,335.8,-0.61,,,22.443,28.3,24.686,79.714
1991-W26,1991,26,1991-06-24,1991-06-30,52.3,52.3,89.9,381.0,-0.345,,,21.514,26.586,23.4,87.429
1991-W27,1991,27,1991-07-01,1991-07-07,14.8,14.8,103.7,368.0,-0.216,-1.159,,20.9,27.157,23.386,83.0
1991-W28,1991,28,1991-07-08,1991-07-14,26.2,26.2,125.7,361.5,-0.127,-1.073,,21.529,27.529,23.643,84.143
1991-W29,1991,29,1991-07-15,1991-07-21,16.0,16.0,109.3,341.1,0.01,-0.993,,20.957,28.1,23.614,80.571
1991-W30,1991,30,1991-07-22,1991-07-28,14.6,14.6,71.6,293.0,-0.005,-0.868,,21.014,27.971,23.4,80.429
1991-W31,1991,31,1991-07-29,1991-08-04,35.7,35.7,92.5,313.7,0.172,-0.801,,20.486,26.5,22.857,83.857
1991-W32,1991,32,1991-08-05,1991-08-11,15.8,15.8,82.1,300.6,0.244,-0.837,,20.786,26.586,22.943,84.286
1991-W33,1991,33,1991-08-12,1991-08-18,2.9,2.9,69.0,255.5,0.191,-0.779,,20.871,27.757,23.271,78.857
1991-W34,1991,34,1991-08-19,1991-08-25,3.2,3.2,57.6,253.6,0.257,-0.693,,20.314,28.243,22.957,77.143
1991-W35,1991,35,1991-08-26,1991-09-01,4.1,4.1,26.0,223.2,0.193,-0.589,,20.3,27.971,22.9,76.571
1991-W36,1991,36,1991-09-02,1991-09-08,3.2,3.2,13.4,225.4,0.247,-0.436,,20.357,29.071,23.414,74.0
1991-W37,1991,37,1991-09-09,1991-09-15,5.2,5.2,15.7,226.4,0.279,-0.395,,20.414,29.129,23.329,74.571
1991-W38,1991,38,1991-09-16,1991-09-22,10.4,10.4,22.9,204.4,0.247,-0.387,,20.229,28.371,23.257,75.429
1991-W39,1991,39,1991-09-23,1991-09-29,9.4,9.4,28.2,161.5,0.105,-0.279,,20.271,27.314,22.814,79.571
1991-W40,1991,40,1991-09-30,1991-10-06,9.4,9.4,34.4,156.1,0.113,-0.177,,21.0,27.457,23.314,79.286
1991-W41,1991,41,1991-10-07,1991-10-13,4.9,4.9,34.1,134.8,0.03,-0.142,,20.943,28.129,23.486,79.0
1991-W42,1991,42,1991-10-14,1991-10-20,29.8,29.8,53.5,148.6,0.114,-0.001,,21.157,28.386,23.686,79.0
1991-W43,1991,43,1991-10-21,1991-10-27,21.6,21.6,65.7,155.6,0.152,0.015,,20.886,28.029,23.486,80.714
1991-W44,1991,44,1991-10-28,1991-11-03,35.1,35.1,91.4,155.0,0.15,0.133,,21.143,27.214,23.6,84.143
1991-W45,1991,45,1991-11-04,1991-11-10,0.5,0.5,87.0,139.7,0.085,0.16,,21.029,28.4,23.771,79.286
1991-W46,1991,46,1991-11-11,1991-11-17,0.0,0.0,57.2,136.8,0.058,0.112,,21.471,28.9,24.314,75.714
1991-W47,1991,47,1991-11-18,1991-11-24,3.7,3.7,39.3,137.3,0.06,0.152,,21.986,29.771,24.714,75.714
1991-W48,1991,48,1991-11-25,1991-12-01,26.2,26.2,30.4,159.4,0.236,0.174,,22.171,29.171,24.743,80.143
1991-W49,1991,49,1991-12-02,1991-12-08,11.8,11.8,41.7,168.0,0.29,0.235,,22.8,28.757,25.143,80.857
1991-W50,1991,50,1991-12-09,1991-12-15,9.8,9.8,51.5,172.6,0.314,0.259,,22.786,29.229,25.214,79.571
1991-W51,1991,51,1991-12-16,1991-12-22,0.3,0.3,48.1,162.5,0.217,0.182,,23.043,29.171,25.329,75.429
1991-W52,1991,52,1991-12-23,1991-12-29,27.4,27.4,49.3,180.5,0.233,0.086,,22.943,28.257,24.743,83.0
1992-W01,1992,1,1991-12-30,1992-01-05,12.5,12.5,50.0,183.6,0.109,0.028,-0.88,23.014,29.1,25.186,82.429
1992-W02,1992,2,1992-01-06,1992-01-12,37.7,37.7,77.9,216.4,0.127,-0.023,-0.85,22.843,27.357,24.443,88.143
1992-W03,1992,3,1992-01-13,1992-01-19,10.6,10.6,88.2,197.2,-0.245,-0.197,-0.836,23.414,28.814,25.357,83.571
1992-W04,1992,4,1992-01-20,1992-01-26,84.8,84.8,145.6,260.4,-0.18,-0.148,-0.725,23.7,28.286,25.357,87.571
1992-W05,1992,5,1992-01-27,1992-02-02,110.8,110.8,243.9,336.1,-0.149,-0.127,-0.66,23.671,28.771,25.629,86.714
1992-W06,1992,6,1992-02-03,1992-02-09,128.4,128.4,334.6,464.0,0.072,-0.005,-0.588,23.614,26.986,24.857,91.714
1992-W07,1992,7,1992-02-10,1992-02-16,131.1,131.1,455.1,595.1,0.226,0.104,-0.475,23.414,28.143,25.343,88.286
1992-W08,1992,8,1992-02-17,1992-02-23,92.7,92.7,463.0,684.1,0.239,0.123,-0.423,23.586,28.7,25.543,86.857
1992-W09,1992,9,1992-02-24,1992-03-01,162.0,162.0,514.2,819.9,0.378,0.297,-0.269,23.3,27.829,24.971,91.714
1992-W10,1992,10,1992-03-02,1992-03-08,171.5,171.5,557.3,979.6,0.53,0.446,-0.078,23.614,28.143,25.329,91.0
1992-W11,1992,11,1992-03-09,1992-03-15,205.3,205.3,631.5,1175.1,0.803,0.673,0.106,23.971,28.086,25.471,90.571
1992-W12,1992,12,1992-03-16,1992-03-22,230.5,230.5,769.3,1405.3,1.127,0.923,0.273,23.871,28.214,25.471,92.286
1992-W13,1992,13,1992-03-23,1992-03-29,152.7,152.7,760.0,1530.6,1.3,1.044,0.429,24.029,29.171,25.871,90.286
1992-W14,1992,14,1992-03-30,1992-04-05,118.8,118.8,707.3,1636.9,1.414,1.081,0.522,23.857,28.857,25.729,89.0
1992-W15,1992,15,1992-04-06,1992-04-12,180.3,180.3,682.3,1779.5,1.601,1.219,0.664,23.6,28.0,25.257,91.286
1992-W16,1992,16,1992-04-13,1992-04-19,89.1,89.1,540.9,1858.0,1.73,1.185,0.711,24.014,29.4,26.129,89.0
1992-W17,1992,17,1992-04-20,1992-04-26,255.0,255.0,643.2,2028.2,1.949,1.382,0.879,24.229,28.7,25.857,90.714
1992-W18,1992,18,1992-04-27,1992-05-03,162.1,162.1,686.5,2079.5,1.997,1.442,0.996,23.671,27.471,25.171,91.429
1992-W19,1992,19,1992-05-04,1992-05-10,70.7,70.7,576.9,2021.8,1.985,1.462,1.029,23.843,29.143,25.871,87.0
1992-W20,1992,20,1992-05-11,1992-05-17,58.9,58.9,546.7,1949.6,1.961,1.454,1.034,23.429,28.629,25.386,87.429
1992-W21,1992,21,1992-05-18,1992-05-24,82.5,82.5,374.2,1939.4,1.988,1.492,1.089,23.5,28.214,25.371,88.0
1992-W22,1992,22,1992-05-25,1992-05-31,63.4,63.4,275.5,1840.8,1.935,1.5,1.115,23.229,28.029,24.957,88.143
1992-W23,1992,23,1992-06-01,1992-06-07,53.1,53.1,257.9,1722.4,1.884,1.506,1.146,23.2,27.6,24.929,88.143
1992-W24,1992,24,1992-06-08,1992-06-14,31.4,31.4,230.4,1548.5,1.766,1.535,1.167,22.814,27.443,24.543,87.857
1992-W25,1992,25,1992-06-15,1992-06-21,12.1,12.1,160.0,1330.1,1.546,1.533,1.143,22.443,27.857,24.486,84.857
1992-W26,1992,26,1992-06-22,1992-06-28,3.9,3.9,100.5,1181.3,1.426,1.539,1.112,22.029,28.114,24.243,82.857
1992-W27,1992,27,1992-06-29,1992-07-05,40.3,40.3,87.7,1102.8,1.434,1.625,1.142,22.029,27.6,24.0,84.143
1992-W28,1992,28,1992-07-06,1992-07-12,47.4,47.4,103.7,969.9,1.305,1.639,1.153,21.486,26.843,23.429,85.143
1992-W29,1992,29,1992-07-13,1992-07-19,7.6,7.6,99.2,888.4,1.233,1.717,1.144,21.3,27.171,23.529,83.0
1992-W30,1992,30,1992-07-20,1992-07-26,0.9,0.9,96.2,634.3,0.865,1.68,1.129,20.586,27.471,23.114,79.143
1992-W31,1992,31,1992-07-27,1992-08-02,12.0,12.0,67.9,484.2,0.649,1.65,1.111,20.686,27.143,23.1,80.714
1992-W32,1992,32,1992-08-03,1992-08-09,9.2,9.2,29.7,422.7,0.595,1.612,1.11,20.443,27.557,22.986,78.571
1992-W33,1992,33,1992-08-10,1992-08-16,18.2,18.2,40.3,382.0,0.578,1.612,1.121,20.443,27.014,22.929,81.0
1992-W34,1992,34,1992-08-17,1992-08-23,16.7,16.7,56.1,316.2,0.466,1.599,1.135,20.743,27.286,23.171,81.0
1992-W35,1992,35,1992-08-24,1992-08-30,0.9,0.9,45.0,253.7,0.308,1.505,1.133,20.443,26.814,22.686,80.571
1992-W36,1992,36,1992-08-31,1992-09-06,11.9,11.9,47.7,212.5,0.197,1.404,1.109,20.057,27.686,22.786,78.857
1992-W37,1992,37,1992-09-07,1992-09-13,44.4,44.4,73.9,225.5,0.275,1.31,1.14,20.129,26.5,22.486,84.429
1992-W38,1992,38,1992-09-14,1992-09-20,15.5,15.5,72.7,228.9,0.339,1.148,1.148,20.429,26.714,22.786,81.429
1992-W39,1992,39,1992-09-21,1992-09-27,9.8,9.8,81.6,234.8,0.396,1.06,1.144,19.886,26.514,22.357,81.0
1992-W40,1992,40,1992-09-28,1992-10-04,1.5,1.5,71.2,196.0,0.284,1.023,1.143,20.586,27.414,23.071,78.286
1992-W41,1992,41,1992-10-05,1992-10-11,3.5,3.5,30.3,152.1,0.119,0.89,1.139,20.686,27.814,23.271,77.714
1992-W42,1992,42,1992-10-12,1992-10-18,7.7,7.7,22.5,152.2,0.132,0.866,1.122,20.543,28.0,23.171,76.857
1992-W43,1992,43,1992-10-19,1992-10-25,21.0,21.0,33.7,172.3,0.236,0.634,1.119,20.571,27.6,23.143,80.143
1992-W44,1992,44,1992-10-26,1992-11-01,10.3,10.3,42.5,170.6,0.232,0.479,1.1,20.871,27.343,23.243,81.714
1992-W45,1992,45,1992-11-02,1992-11-08,0.2,0.2,39.2,161.6,0.21,0.44,1.105,20.357,28.371,23.243,75.143
1992-W46,1992,46,1992-11-09,1992-11-15,1.1,1.1,32.6,144.5,0.106,0.397,1.104,20.571,29.157,23.686,74.571
1992-W47,1992,47,1992-11-16,1992-11-22,0.2,0.2,11.8,128.0,-0.002,0.276,1.1,21.429,29.2,24.429,72.571
1992-W48,1992,48,1992-11-23,1992-11-29,0.0,0.0,1.5,127.1,0.028,0.17,1.081,21.8,31.386,25.443,69.857
1992-W49,1992,49,1992-11-30,1992-12-06,0.0,0.0,1.3,115.2,-0.072,0.062,1.07,21.4,31.357,25.043,68.429
1992-W50,1992,50,1992-12-07,1992-12-13,0.0,0.0,0.2,70.8,-0.522,-0.028,1.071,22.657,29.829,25.243,71.0
1992-W51,1992,51,1992-12-14,1992-12-20,2.4,2.4,2.4,57.7,-0.721,-0.054,1.072,22.757,30.143,25.357,69.143
1992-W52,1992,52,1992-12-21,1992-12-27,9.6,9.6,12.0,57.5,-0.806,-0.064,1.057,22.757,29.614,25.3,75.0
1992-W53,1992,53,1992-12-28,1993-01-03,14.5,14.5,26.5,70.5,,,,22.786,30.329,25.8,71.286
1993-W01,1993,1,1993-01-04,1993-01-10,26.3,26.3,52.8,93.3,-0.566,-0.292,1.098,22.371,28.629,24.757,80.429
1993-W02,1993,2,1993-01-11,1993-01-17,17.7,17.7,68.1,103.3,-0.663,-0.36,1.133,23.071,28.429,25.014,82.286
1993-W03,1993,3,1993-01-18,1993-01-24,17.8,17.8,76.3,100.1,-0.958,-0.464,1.065,23.114,28.571,25.157,81.714
1993-W04,1993,4,1993-01-25,1993-01-31,49.7,49.7,111.5,139.5,-0.921,-0.511,0.999,22.957,28.429,24.971,85.286
1993-W05,1993,5,1993-02-01,1993-02-07,94.3,94.3,179.5,233.6,-0.661,-0.427,0.99,23.214,28.114,25.129,87.714
1993-W06,1993,6,1993-02-08,1993-02-14,207.5,207.5,369.3,440.0,-0.018,-0.057,1.036,23.471,27.686,24.871,90.143
1993-W07,1993,7,1993-02-15,1993-02-21,115.1,115.1,466.6,554.9,0.092,-0.02,1.069,23.271,28.357,25.157,88.286
1993-W08,1993,8,1993-02-22,1993-02-28,78.2,78.2,495.1,633.1,0.076,-0.03,0.999,22.843,27.257,24.643,87.429
1993-W09,1993,9,1993-03-01,1993-03-07,44.0,44.0,444.8,677.1,-0.049,-0.146,0.893,22.871,28.357,25.171,86.143
1993-W10,1993,10,1993-03-08,1993-03-14,132.5,132.5,369.8,809.6,0.067,-0.151,0.831,23.171,27.871,24.929,90.286
1993-W11,1993,11,1993-03-15,1993-03-21,109.9,109.9,364.6,917.1,0.172,-0.075,0.726,23.614,29.171,25.586,87.857
1993-W12,1993,12,1993-03-22,1993-03-28,47.3,47.3,333.7,954.8,0.112,-0.121,0.61,23.586,29.257,25.743,86.714
1993-W13,1993,13,1993-03-29,1993-04-04,56.4,56.4,346.1,996.7,0.127,-0.11,0.546,23.871,28.929,25.7,86.286
1993-W14,1993,14,1993-04-05,1993-04-11,15.9,15.9,229.5,986.3,0.04,-0.204,0.373,23.829,30.171,26.386,84.429
1993-W15,1993,15,1993-04-12,1993-04-18,61.1,61.1,180.7,1029.7,0.097,-0.179,0.343,24.243,29.671,26.257,85.714
1993-W16,1993,16,1993-04-19,1993-04-25,104.1,104.1,237.5,1116.0,0.286,-0.118,0.184,23.757,29.286,25.857,87.286
1993-W17,1993,17,1993-04-26,1993-05-02,29.3,29.3,210.4,1095.6,0.263,-0.154,0.036,23.929,29.386,26.071,85.857
1993-W18,1993,18,1993-05-03,1993-05-09,85.4,85.4,279.9,1086.7,0.311,-0.069,0.049,23.843,29.043,25.7,85.714
1993-W19,1993,19,1993-05-10,1993-05-16,54.9,54.9,273.7,934.1,0.058,-0.039,0.045,23.771,28.443,25.529,88.0
1993-W20,1993,20,1993-05-17,1993-05-23,34.7,34.7,204.3,853.7,-0.005,-0.021,-0.003,23.071,28.2,24.943,86.286
1993-W21,1993,21,1993-05-24,1993-05-30,25.9,25.9,200.9,801.4,0.011,-0.018,-0.045,22.843,28.3,24.986,85.714
1993-W22,1993,22,1993-05-31,1993-06-06,16.7,16.7,132.2,774.1,0.108,-0.017,-0.085,23.071,28.214,24.971,86.0
1993-W23,1993,23,1993-06-07,1993-06-13,28.6,28.6,105.9,670.2,0.053,0.004,-0.088,22.429,28.414,24.7,84.143
1993-W24,1993,24,1993-06-14,1993-06-20,36.4,36.4,107.6,596.7,0.025,0.04,-0.063,21.957,27.743,24.043,83.714
1993-W25,1993,25,1993-06-21,1993-06-27,59.6,59.6,141.3,609.0,0.202,0.107,-0.004,21.971,26.829,23.829,87.429
1993-W26,1993,26,1993-06-28,1993-07-04,23.8,23.8,148.4,576.4,0.226,0.131,-0.019,22.043,27.229,24.086,85.0
1993-W27,1993,27,1993-07-05,1993-07-11,17.0,17.0,136.8,577.5,0.387,0.173,-0.049,21.786,26.943,23.671,84.143
1993-W28,1993,28,1993-07-12,1993-07-18,31.2,31.2,131.6,547.6,0.417,0.218,-0.025,21.486,26.886,23.429,85.857
1993-W29,1993,29,1993-07-19,1993-07-25,32.0,32.0,104.0,475.5,0.39,0.306,0.01,21.571,26.929,23.514,84.571
1993-W30,1993,30,1993-07-26,1993-08-01,4.0,4.0,84.2,450.2,0.451,0.316,0.0,21.071,27.371,23.257,81.857
1993-W31,1993,31,1993-08-02,1993-08-08,0.0,0.0,67.2,364.8,0.33,0.281,-0.009,20.257,27.714,22.929,77.286
1993-W32,1993,32,1993-08-09,1993-08-15,9.1,9.1,45.1,319.0,0.302,0.083,-0.019,20.286,27.214,22.757,79.286
1993-W33,1993,33,1993-08-16,1993-08-22,4.2,4.2,17.3,288.5,0.303,0.027,-0.034,20.829,27.629,23.2,78.571
1993-W34,1993,34,1993-08-23,1993-08-29,61.8,61.8,75.1,324.4,0.491,0.139,0.034,20.386,26.4,22.557,85.714
1993-W35,1993,35,1993-08-30,1993-09-05,31.0,31.0,106.1,338.7,0.586,0.256,0.054,20.1,26.8,22.514,81.571
1993-W36,1993,36,1993-09-06,1993-09-12,30.8,30.8,127.8,340.9,0.625,0.225,0.019,19.914,26.3,22.3,83.857
1993-W37,1993,37,1993-09-13,1993-09-19,35.4,35.4,159.0,339.9,0.649,0.229,0.04,19.786,25.943,22.057,85.571
1993-W38,1993,38,1993-09-20,1993-09-26,8.7,8.7,105.9,289.0,0.54,0.282,0.041,20.614,26.871,22.929,81.286
1993-W39,1993,39,1993-09-27,1993-10-03,3.5,3.5,78.4,268.7,0.51,0.286,0.04,20.671,27.471,23.086,80.143
1993-W40,1993,40,1993-10-04,1993-10-10,4.9,4.9,52.5,256.6,0.503,0.391,0.044,20.557,28.414,23.243,77.714
1993-W41,1993,41,1993-10-11,1993-10-17,55.2,55.2,72.3,280.6,0.623,0.472,0.093,20.4,27.0,22.814,82.714
1993-W42,1993,42,1993-10-18,1993-10-24,0.9,0.9,64.5,249.5,0.546,0.423,0.073,20.957,27.8,23.614,80.0
1993-W43,1993,43,1993-10-25,1993-10-31,20.9,20.9,81.9,266.4,0.63,0.499,0.086,21.271,27.886,23.671,81.714
1993-W44,1993,44,1993-11-01,1993-11-07,1.7,1.7,78.7,268.1,0.654,0.442,0.086,21.9,28.443,24.357,80.286
1993-W45,1993,45,1993-11-08,1993-11-14,2.7,2.7,26.2,261.7,0.668,0.433,0.087,21.671,28.4,24.257,78.286
1993-W46,1993,46,1993-11-15,1993-11-21,0.0,0.0,25.3,257.5,0.677,0.434,0.087,21.157,29.8,24.557,73.286
1993-W47,1993,47,1993-11-22,1993-11-28,0.0,0.0,4.4,195.7,0.399,0.435,0.087,21.071,29.414,24.243,71.857
1993-W48,1993,48,1993-11-29,1993-12-05,5.3,5.3,8.0,170.0,0.297,0.458,0.095,21.871,29.529,24.729,71.571
1993-W49,1993,49,1993-12-06,1993-12-12,36.1,36.1,41.4,175.3,0.334,0.512,0.134,21.614,28.729,24.171,80.143
1993-W50,1993,50,1993-12-13,1993-12-19,3.4,3.4,44.8,143.3,0.12,0.458,0.135,22.271,28.443,24.571,78.857
1993-W51,1993,51,1993-12-20,1993-12-26,12.6,12.6,57.4,147.2,0.114,0.36,0.136,22.771,28.486,24.843,81.857
1993-W52,1993,52,1993-12-27,1994-01-02,16.2,16.2,68.3,159.9,0.105,0.317,0.138,23.029,28.686,25.2,81.714
1994-W01,1994,1,1994-01-03,1994-01-09,47.0,47.0,79.2,202.0,0.216,0.355,0.193,23.014,27.443,24.643,86.286
1994-W02,1994,2,1994-01-10,1994-01-16,61.2,61.2,137.0,208.0,0.08,0.363,0.248,22.657,28.086,24.814,83.857
1994-W03,1994,3,1994-01-17,1994-01-23,43.4,43.4,167.8,250.5,0.043,0.257,0.271,23.2,28.643,25.186,85.143
1994-W04,1994,4,1994-01-24,1994-01-30,126.4,126.4,278.0,356.0,0.248,0.408,0.34,22.871,27.357,24.514,87.429
1994-W05,1994,5,1994-01-31,1994-02-06,125.2,125.2,356.2,479.5,0.412,0.518,0.384,23.0,27.557,24.657,89.857
1994-W06,1994,6,1994-02-07,1994-02-13,22.6,22.6,317.6,499.4,0.199,0.381,0.188,23.071,28.3,25.071,84.571
1994-W07,1994,7,1994-02-14,1994-02-20,31.4,31.4,305.6,530.8,0.008,0.24,0.093,23.114,28.8,25.214,83.143
1994-W08,1994,8,1994-02-21,1994-02-27,14.0,14.0,193.2,544.8,-0.229,-0.081,0.012,23.543,28.871,25.614,84.143
1994-W09,1994,9,1994-02-28,1994-03-06,4.1,4.1,72.1,543.6,-0.508,-0.354,-0.04,23.443,28.643,25.543,82.143
1994-W10,1994,10,1994-03-07,1994-03-13,40.5,40.5,90.0,548.0,-0.796,-0.561,-0.159,22.686,28.086,24.771,83.714
1994-W11,1994,11,1994-03-14,1994-03-20,5.4,5.4,64.0,550.0,-0.977,-0.78,-0.287,22.6,28.143,24.7,80.143
1994-W12,1994,12,1994-03-21,1994-03-27,54.4,54.4,104.4,591.8,-0.977,-0.785,-0.292,22.9,27.629,24.729,86.429
1994-W13,1994,13,1994-03-28,1994-04-03,168.4,168.4,268.7,744.0,-0.581,-0.474,-0.148,22.214,26.557,24.014,91.143
1994-W14,1994,14,1994-04-04,1994-04-10,56.4,56.4,284.6,753.4,-0.601,-0.474,-0.096,23.071,27.843,24.786,86.429
1994-W15,1994,15,1994-04-11,1994-04-17,26.7,26.7,305.9,718.9,-0.75,-0.615,-0.13,22.871,28.243,25.043,84.571
1994-W16,1994,16,1994-04-18,1994-04-24,47.4,47.4,298.9,722.9,-0.762,-0.605,-0.19,22.929,27.914,24.829,86.429
1994-W17,1994,17,1994-04-25,1994-05-01,23.9,23.9,154.4,620.4,-1.013,-0.661,-0.195,22.529,28.114,24.729,85.0
1994-W18,1994,18,1994-05-02,1994-05-08,64.6,64.6,162.6,559.8,-1.071,-0.589,-0.222,22.514,27.629,24.486,87.714
1994-W19,1994,19,1994-05-09,1994-05-15,20.0,20.0,155.9,557.2,-0.979,-0.614,-0.264,22.8,28.257,24.914,86.714
1994-W20,1994,20,1994-05-16,1994-05-22,18.1,18.1,126.6,543.9,-0.869,-0.604,-0.275,22.443,28.4,24.657,82.286
1994-W21,1994,21,1994-05-23,1994-05-29,43.4,43.4,146.1,573.3,-0.596,-0.557,-0.252,21.957,27.4,24.071,84.857
1994-W22,1994,22,1994-05-30,1994-06-05,55.9,55.9,137.4,625.1,-0.265,-0.488,-0.203,21.843,27.0,23.729,87.429
1994-W23,1994,23,1994-06-06,1994-06-12,34.7,34.7,152.1,619.3,-0.075,-0.509,-0.196,21.543,27.114,23.671,85.714
1994-W24,1994,24,1994-06-13,1994-06-19,18.0,18.0,152.0,631.9,0.114,-0.507,-0.219,21.586,27.414,23.729,83.286
1994-W25,1994,25,1994-06-20,1994-06-26,17.0,17.0,125.6,594.5,0.166,-0.505,-0.273,21.1,26.543,23.286,83.429
1994-W26,1994,26,1994-06-27,1994-07-03,36.6,36.6,106.3,462.7,-0.086,-0.466,-0.255,20.529,26.471,22.714,85.571
1994-W27,1994,27,1994-07-04,1994-07-10,25.0,25.0,96.6,431.3,-0.014,-0.449,-0.243,20.471,26.214,22.686,86.286
1994-W28,1994,28,1994-07-11,1994-07-17,0.0,0.0,78.6,404.6,0.014,-0.527,-0.283,20.343,27.343,22.8,80.429
1994-W29,1994,29,1994-07-18,1994-07-24,2.5,2.5,64.1,359.7,0.068,-0.545,-0.317,19.957,27.1,22.543,79.286
1994-W30,1994,30,1994-07-25,1994-07-31,6.0,6.0,33.5,341.8,0.151,-0.684,-0.315,19.971,26.957,22.557,80.429
1994-W31,1994,31,1994-08-01,1994-08-07,1.0,1.0,9.5,278.2,0.051,-0.814,-0.313,19.771,27.5,22.414,77.571
1994-W32,1994,32,1994-08-08,1994-08-14,13.1,13.1,22.6,271.3,0.146,-0.706,-0.309,20.129,26.7,22.457,79.0
1994-W33,1994,33,1994-08-15,1994-08-21,17.0,17.0,37.1,270.2,0.242,-0.602,-0.294,20.171,26.786,22.386,81.714
1994-W34,1994,34,1994-08-22,1994-08-28,13.4,13.4,44.5,240.2,0.208,-0.434,-0.355,20.2,27.229,22.543,81.857
1994-W35,1994,35,1994-08-29,1994-09-04,14.3,14.3,57.8,198.6,0.092,-0.251,-0.376,19.943,27.6,22.6,79.714
1994-W36,1994,36,1994-09-05,1994-09-11,1.8,1.8,46.5,165.7,-0.004,-0.168,-0.429,20.357,28.757,23.1,76.714
1994-W37,1994,37,1994-09-12,1994-09-18,5.4,5.4,34.9,153.1,-0.035,-0.03,-0.467,20.086,29.043,23.157,75.571
1994-W38,1994,38,1994-09-19,1994-09-25,2.1,2.1,23.6,138.2,-0.047,0.001,-0.476,20.857,28.4,23.443,76.143
1994-W39,1994,39,1994-09-26,1994-10-02,35.6,35.6,44.9,137.2,-0.012,-0.158,-0.436,20.357,27.371,22.843,81.429
1994-W40,1994,40,1994-10-03,1994-10-09,26.0,26.0,69.1,138.2,0.026,-0.082,-0.409,21.143,27.414,23.429,83.857
1994-W41,1994,41,1994-10-10,1994-10-16,3.1,3.1,66.8,141.3,0.065,-0.035,-0.476,21.543,27.857,23.871,80.143
1994-W42,1994,42,1994-10-17,1994-10-23,0.0,0.0,64.7,138.8,0.062,0.018,-0.476,21.4,29.043,24.143,76.429
1994-W43,1994,43,1994-10-24,1994-10-30,0.0,0.0,29.1,132.8,0.026,0.07,-0.499,21.214,28.743,23.943,74.714
1994-W44,1994,44,1994-10-31,1994-11-06,23.3,23.3,26.4,155.1,0.151,0.057,-0.475,21.571,27.871,23.786,80.571
1994-W45,1994,45,1994-11-07,1994-11-13,2.3,2.3,25.6,144.3,0.113,0.106,-0.479,21.529,28.114,23.914,78.571
1994-W46,1994,46,1994-11-14,1994-11-20,2.5,2.5,28.1,129.8,0.012,0.13,-0.473,22.157,29.229,24.771,76.714
1994-W47,1994,47,1994-11-21,1994-11-27,5.6,5.6,33.7,122.0,-0.044,0.081,-0.466,21.943,29.914,25.0,74.571
1994-W48,1994,48,1994-11-28,1994-12-04,0.3,0.3,10.7,108.0,-0.112,-0.029,-0.469,22.686,29.957,25.443,73.571
1994-W49,1994,49,1994-12-05,1994-12-11,47.2,47.2,55.6,153.4,0.199,0.037,-0.452,22.657,27.929,24.529,84.286
1994-W50,1994,50,1994-12-12,1994-12-18,22.2,22.2,75.3,170.2,0.299,0.054,-0.433,22.514,28.871,24.729,80.571
1994-W51,1994,51,1994-12-19,1994-12-25,84.2,84.2,153.9,252.3,0.717,0.245,-0.346,22.6,27.986,24.586,86.143
1994-W52,1994,52,1994-12-26,1995-01-01,19.2,19.2,172.8,235.9,0.534,0.173,-0.342,23.014,28.286,25.0,85.571
1995-W01,1995,1,1995-01-02,1995-01-08,55.0,55.0,180.6,264.9,0.539,0.211,-0.308,23.057,27.7,24.729,87.143
1995-W02,1995,2,1995-01-09,1995-01-15,29.1,29.1,187.5,290.9,0.498,0.215,-0.353,23.2,28.457,25.286,85.143
1995-W03,1995,3,1995-01-16,1995-01-22,138.7,138.7,242.0,429.6,0.783,0.428,-0.232,23.257,27.429,24.7,90.143
1995-W04,1995,4,1995-01-23,1995-01-29,124.3,124.3,347.1,553.9,0.936,0.555,-0.244,23.129,28.271,25.029,88.714
1995-W05,1995,5,1995-01-30,1995-02-05,181.0,181.0,473.1,711.6,1.119,0.768,-0.17,23.2,26.4,24.429,92.286
1995-W06,1995,6,1995-02-06,1995-02-12,39.6,39.6,483.6,748.9,0.96,0.665,-0.141,23.557,28.843,25.457,86.857
1995-W07,1995,7,1995-02-13,1995-02-19,177.9,177.9,522.8,924.3,1.149,0.807,0.022,23.257,27.714,24.914,89.429
1995-W08,1995,8,1995-02-20,1995-02-26,28.0,28.0,426.5,946.7,0.972,0.672,0.03,23.471,28.757,25.5,84.429
1995-W09,1995,9,1995-02-27,1995-03-05,13.5,13.5,259.0,959.9,0.751,0.487,0.036,23.043,28.386,25.129,85.0
1995-W10,1995,10,1995-03-06,1995-03-12,14.6,14.6,234.0,927.3,0.393,0.306,0.001,23.557,28.7,25.557,83.857
1995-W11,1995,11,1995-03-13,1995-03-19,37.6,37.6,93.7,942.7,0.24,0.221,0.046,23.714,29.8,26.171,84.714
1995-W12,1995,12,1995-03-20,1995-03-26,54.3,54.3,120.0,912.8,0.002,0.198,0.033,23.3,28.943,25.543,84.714
1995-W13,1995,13,1995-03-27,1995-04-02,41.6,41.6,148.1,935.2,-0.033,0.103,-0.121,23.1,28.257,25.0,84.286
1995-W14,1995,14,1995-04-03,1995-04-09,119.6,119.6,253.1,999.8,0.074,0.161,-0.041,23.086,28.2,25.043,87.571
1995-W15,1995,15,1995-04-10,1995-04-16,132.4,132.4,347.9,1103.1,0.271,0.302,0.087,23.171,27.914,25.057,89.0
1995-W16,1995,16,1995-04-17,1995-04-23,2.9,2.9,296.5,967.3,-0.076,0.204,0.043,23.757,29.729,26.057,82.286
1995-W17,1995,17,1995-04-24,1995-04-30,47.3,47.3,302.2,890.3,-0.23,0.205,0.068,23.114,28.143,24.871,86.571
1995-W18,1995,18,1995-05-01,1995-05-07,21.9,21.9,204.5,731.2,-0.549,0.134,0.017,22.886,28.086,24.957,85.714
1995-W19,1995,19,1995-05-08,1995-05-14,63.7,63.7,135.8,755.3,-0.389,0.171,0.066,22.629,27.786,24.5,87.714
1995-W20,1995,20,1995-05-15,1995-05-21,87.5,87.5,220.4,664.9,-0.499,0.256,0.147,22.686,27.686,24.5,89.0
1995-W21,1995,21,1995-05-22,1995-05-28,101.2,101.2,274.3,738.1,-0.144,0.355,0.206,22.814,27.7,24.7,87.714
1995-W22,1995,22,1995-05-29,1995-06-04,38.5,38.5,290.9,763.1,0.082,0.381,0.19,22.429,26.843,24.086,88.857
1995-W23,1995,23,1995-06-05,1995-06-11,3.7,3.7,230.9,752.2,0.246,0.294,0.155,22.286,27.414,24.214,84.857
1995-W24,1995,24,1995-06-12,1995-06-18,38.8,38.8,182.2,753.4,0.399,0.306,0.175,22.071,26.986,24.071,85.286
1995-W25,1995,25,1995-06-19,1995-06-25,32.1,32.1,113.1,731.2,0.484,0.223,0.186,21.157,26.557,23.229,84.714
1995-W26,1995,26,1995-06-26,1995-07-02,96.9,96.9,171.5,786.5,0.709,0.346,0.252,21.243,25.514,22.814,89.857
1995-W27,1995,27,1995-07-03,1995-07-09,81.5,81.5,249.3,748.4,0.778,0.44,0.315,21.543,26.171,23.243,88.857
1995-W28,1995,28,1995-07-10,1995-07-16,74.3,74.3,284.8,690.3,0.756,0.523,0.386,20.9,26.171,22.871,87.571
1995-W29,1995,29,1995-07-17,1995-07-23,52.3,52.3,305.0,739.7,0.966,0.472,0.434,21.071,25.7,22.886,89.0
1995-W30,1995,30,1995-07-24,1995-07-30,10.5,10.5,218.6,702.9,0.999,0.386,0.436,21.243,26.143,23.014,85.0
1995-W31,1995,31,1995-07-31,1995-08-06,16.7,16.7,153.8,697.7,1.11,0.247,0.451,20.314,26.471,22.671,83.0
1995-W32,1995,32,1995-08-07,1995-08-13,15.0,15.0,94.5,649.0,1.101,0.319,0.455,20.8,27.043,23.0,82.143
1995-W33,1995,33,1995-08-14,1995-08-20,42.4,42.4,84.6,603.9,1.089,0.237,0.478,20.614,25.9,22.571,86.0
1995-W34,1995,34,1995-08-21,1995-08-27,28.2,28.2,102.3,530.9,1.023,0.366,0.494,20.471,27.357,22.929,84.286
1995-W35,1995,35,1995-08-28,1995-09-03,47.9,47.9,133.5,540.3,1.099,0.542,0.526,20.914,27.014,23.186,86.286
1995-W36,1995,36,1995-09-04,1995-09-10,30.2,30.2,148.7,566.8,1.17,0.676,0.528,21.114,27.329,23.343,83.286
1995-W37,1995,37,1995-09-11,1995-09-17,31.9,31.9,138.2,559.9,1.181,0.771,0.552,20.814,26.043,22.686,85.714
1995-W38,1995,38,1995-09-18,1995-09-24,22.1,22.1,132.1,549.9,1.186,0.82,0.573,20.371,26.671,22.557,83.571
1995-W39,1995,39,1995-09-25,1995-10-01,18.6,18.6,102.8,471.6,1.048,0.87,0.554,20.686,26.543,22.714,84.143
1995-W40,1995,40,1995-10-02,1995-10-08,24.0,24.0,96.6,414.1,0.946,0.855,0.555,20.329,26.343,22.543,85.143
1995-W41,1995,41,1995-10-09,1995-10-15,11.0,11.0,75.7,350.8,0.834,0.782,0.561,20.429,27.229,22.929,81.571
1995-W42,1995,42,1995-10-16,1995-10-22,27.3,27.3,80.9,325.8,0.799,0.897,0.586,20.386,26.043,22.5,84.571
1995-W43,1995,43,1995-10-23,1995-10-29,41.7,41.7,104.0,357.0,0.93,0.967,0.624,20.9,26.586,22.929,86.143
1995-W44,1995,44,1995-10-30,1995-11-05,5.9,5.9,85.9,346.2,0.923,1.034,0.608,21.357,27.314,23.6,83.286
1995-W45,1995,45,1995-11-06,1995-11-12,37.0,37.0,111.9,368.2,1.042,1.073,0.641,20.314,26.643,22.714,84.714
1995-W46,1995,46,1995-11-13,1995-11-19,1.3,1.3,85.9,327.1,0.948,1.035,0.64,21.3,27.514,23.614,81.714
1995-W47,1995,47,1995-11-20,1995-11-26,12.1,12.1,56.3,311.0,0.907,0.979,0.645,21.057,26.329,23.1,84.286
1995-W48,1995,48,1995-11-27,1995-12-03,2.3,2.3,52.7,265.4,0.762,0.98,0.649,21.471,26.857,23.486,82.714
1995-W49,1995,49,1995-12-04,1995-12-10,1.6,1.6,17.3,236.8,0.661,1.023,0.607,21.229,28.529,24.071,79.286
1995-W50,1995,50,1995-12-11,1995-12-17,0.4,0.4,16.4,205.3,0.506,0.994,0.591,21.0,28.786,23.986,76.0
1995-W51,1995,51,1995-12-18,1995-12-24,37.1,37.1,41.4,220.3,0.555,1.022,0.546,21.743,27.886,24.157,82.286
1995-W52,1995,52,1995-12-25,1995-12-31,70.8,70.8,109.9,272.5,0.708,0.96,0.594,22.343,26.814,24.086,87.857
1996-W01,1996,1,1996-01-01,1996-01-07,76.9,76.9,185.2,325.4,0.805,0.948,0.655,22.657,27.229,24.386,88.429
1996-W02,1996,2,1996-01-08,1996-01-14,66.1,66.1,250.9,380.5,0.87,0.898,0.708,22.471,27.2,24.171,89.0
1996-W03,1996,3,1996-01-15,1996-01-21,41.1,41.1,254.9,394.3,0.656,0.764,0.609,23.329,27.814,24.971,85.857
1996-W04,1996,4,1996-01-22,1996-01-28,34.5,34.5,218.6,387.1,0.37,0.68,0.509,22.914,27.814,24.686,85.0
1996-W05,1996,5,1996-01-29,1996-02-04,173.9,173.9,315.6,555.1,0.663,0.836,0.517,22.014,26.486,23.729,89.286
1996-W06,1996,6,1996-02-05,1996-02-11,110.0,110.0,359.5,628.1,0.617,0.869,0.577,22.414,27.414,24.243,88.429
1996-W07,1996,7,1996-02-12,1996-02-18,125.0,125.0,443.4,751.8,0.698,0.855,0.53,22.3,27.471,24.229,88.857
1996-W08,1996,8,1996-02-19,1996-02-25,31.0,31.0,439.9,770.7,0.499,0.699,0.53,23.529,28.543,25.371,86.0
1996-W09,1996,9,1996-02-26,1996-03-03,168.2,168.2,434.2,936.6,0.692,0.757,0.685,22.957,27.529,24.629,89.571
1996-W10,1996,10,1996-03-04,1996-03-10,86.6,86.6,410.8,1021.6,0.636,0.666,0.758,23.557,27.529,25.057,89.286
1996-W11,1996,11,1996-03-11,1996-03-17,73.4,73.4,359.2,1094.6,0.617,0.585,0.803,23.457,28.329,25.343,87.143
1996-W12,1996,12,1996-03-18,1996-03-24,14.6,14.6,342.8,1072.1,0.402,0.443,0.753,23.186,27.857,25.029,86.571
1996-W13,1996,13,1996-03-25,1996-03-31,28.3,28.3,202.9,1029.6,0.21,0.354,0.739,22.757,28.471,24.886,85.0
1996-W14,1996,14,1996-04-01,1996-04-07,55.9,55.9,172.2,1008.6,0.096,0.289,0.674,22.471,28.586,24.686,84.857
1996-W15,1996,15,1996-04-08,1996-04-14,88.8,88.8,187.6,1031.3,0.101,0.333,0.626,22.386,27.429,24.414,87.714
1996-W16,1996,16,1996-04-15,1996-04-21,14.2,14.2,187.2,1004.4,0.018,0.207,0.634,21.929,27.571,24.129,83.429
1996-W17,1996,17,1996-04-22,1996-04-28,20.9,20.9,179.8,990.8,0.02,0.095,0.604,21.786,27.414,23.9,83.429
1996-W18,1996,18,1996-04-29,1996-05-05,33.6,33.6,157.5,850.5,-0.234,0.073,0.607,21.871,27.786,24.2,85.143
1996-W19,1996,19,1996-05-06,1996-05-12,32.7,32.7,101.4,773.2,-0.341,0.006,0.577,22.257,27.671,24.329,85.143
1996-W20,1996,20,1996-05-13,1996-05-19,37.0,37.0,124.2,685.2,-0.442,0.024,0.529,22.243,26.957,24.2,86.857
1996-W21,1996,21,1996-05-20,1996-05-26,28.0,28.0,131.3,682.2,-0.289,0.011,0.455,21.471,26.943,23.614,86.143
1996-W22,1996,22,1996-05-27,1996-06-02,33.0,33.0,130.7,547.0,-0.485,0.033,0.452,20.943,26.243,23.071,87.286
1996-W23,1996,23,1996-06-03,1996-06-09,29.3,29.3,127.3,489.7,-0.437,0.051,0.471,21.0,27.014,23.343,85.143
1996-W24,1996,24,1996-06-10,1996-06-16,38.9,38.9,129.2,455.2,-0.375,0.094,0.47,20.443,26.614,22.771,84.429
1996-W25,1996,25,1996-06-17,1996-06-23,38.0,38.0,139.2,478.6,-0.145,0.087,0.47,20.314,25.186,22.229,87.143
1996-W26,1996,26,1996-06-24,1996-06-30,37.9,37.9,144.1,488.2,-0.012,0.047,0.418,20.214,25.257,22.157,86.0
1996-W27,1996,27,1996-07-01,1996-07-07,27.6,27.6,142.4,459.9,0.071,0.027,0.372,19.286,24.471,21.271,86.857
1996-W28,1996,28,1996-07-08,1996-07-14,28.7,28.7,132.2,399.8,-0.002,-0.004,0.323,19.586,26.443,22.143,83.0
1996-W29,1996,29,1996-07-15,1996-07-21,6.9,6.9,101.1,392.5,0.166,0.006,0.277,19.729,26.571,22.3,83.429
1996-W30,1996,30,1996-07-22,1996-07-28,2.3,2.3,65.5,373.9,0.246,0.038,0.267,19.629,26.486,22.029,81.714
1996-W31,1996,31,1996-07-29,1996-08-04,19.9,19.9,57.8,360.2,0.316,-0.103,0.271,20.0,26.4,22.429,82.714
1996-W32,1996,32,1996-08-05,1996-08-11,58.9,58.9,88.0,386.4,0.499,-0.073,0.317,19.886,25.586,21.986,86.0
1996-W33,1996,33,1996-08-12,1996-08-18,18.1,18.1,99.2,367.5,0.538,-0.131,0.291,20.214,26.314,22.514,84.143
1996-W34,1996,34,1996-08-19,1996-08-25,7.1,7.1,104.0,346.6,0.557,-0.026,0.27,20.3,26.457,22.443,80.0
1996-W35,1996,35,1996-08-26,1996-09-01,8.5,8.5,92.6,322.1,0.535,-0.164,0.23,19.786,26.629,22.386,79.429
1996-W36,1996,36,1996-09-02,1996-09-08,32.8,32.8,66.5,325.6,0.58,-0.112,0.211,19.886,26.757,22.471,81.286
1996-W37,1996,37,1996-09-09,1996-09-15,2.2,2.2,50.6,288.9,0.495,-0.106,0.18,19.971,27.557,22.743,78.714
1996-W38,1996,38,1996-09-16,1996-09-22,25.4,25.4,68.9,276.3,0.5,0.041,0.185,20.2,27.357,22.671,79.286
1996-W39,1996,39,1996-09-23,1996-09-29,13.3,13.3,73.7,251.7,0.455,0.108,0.177,20.186,26.857,22.757,81.143
1996-W40,1996,40,1996-09-30,1996-10-06,10.6,10.6,51.5,234.7,0.429,0.157,0.166,20.357,27.143,22.657,81.286
1996-W41,1996,41,1996-10-07,1996-10-13,4.8,4.8,54.1,210.8,0.375,0.095,0.157,19.886,26.786,22.443,79.714
1996-W42,1996,42,1996-10-14,1996-10-20,9.1,9.1,37.8,213.0,0.406,0.222,0.14,19.571,26.643,22.271,80.714
1996-W43,1996,43,1996-10-21,1996-10-27,2.6,2.6,27.1,213.3,0.422,0.284,0.1,19.657,28.086,22.714,77.571
1996-W44,1996,44,1996-10-28,1996-11-03,16.5,16.5,33.0,209.9,0.418,0.331,0.109,19.986,27.071,22.657,80.0
1996-W45,1996,45,1996-11-04,1996-11-10,5.6,5.6,33.8,156.6,0.183,0.365,0.076,21.086,28.243,23.743,78.571
1996-W46,1996,46,1996-11-11,1996-11-17,0.3,0.3,25.0,138.8,0.071,0.357,0.075,20.629,28.686,23.643,76.143
1996-W47,1996,47,1996-11-18,1996-11-24,0.0,0.0,22.4,131.7,0.023,0.35,0.062,18.529,28.171,22.229,75.0
1996-W48,1996,48,1996-11-25,1996-12-01,3.8,3.8,9.7,127.0,0.028,0.331,0.066,20.471,28.386,23.443,75.143
1996-W49,1996,49,1996-12-02,1996-12-08,1.9,1.9,6.0,96.1,-0.232,0.304,0.068,21.629,29.4,24.657,74.286
1996-W50,1996,50,1996-12-09,1996-12-15,0.2,0.2,5.9,94.1,-0.279,0.218,0.067,21.8,28.886,24.414,74.714
1996-W51,1996,51,1996-12-16,1996-12-22,2.1,2.1,8.0,70.8,-0.557,0.128,0.027,22.414,30.329,25.171,71.571
1996-W52,1996,52,1996-12-23,1996-12-29,10.6,10.6,14.8,68.1,-0.672,0.021,-0.04,22.714,28.614,24.929,76.714
1997-W01,1997,1,1996-12-30,1997-01-05,9.5,9.5,22.4,67.0,-0.851,-0.092,-0.088,22.529,28.043,24.743,79.0
1997-W02,1997,2,1997-01-06,1997-01-12,4.0,4.0,26.2,66.2,-1.063,-0.277,-0.161,22.443,28.614,24.843,78.286
1997-W03,1997,3,1997-01-13,1997-01-19,46.7,46.7,70.8,103.8,-0.924,-0.298,-0.155,22.7,26.829,24.286,84.143
1997-W04,1997,4,1997-01-20,1997-01-26,40.5,40.5,100.7,141.7,-0.904,-0.348,-0.158,22.943,26.943,24.457,87.286
1997-W05,1997,5,1997-01-27,1997-02-02,61.2,61.2,152.4,186.4,-0.951,-0.424,-0.292,22.714,27.686,24.529,86.857
1997-W06,1997,6,1997-02-03,1997-02-09,39.8,39.8,188.2,220.6,-1.062,-0.706,-0.369,22.6,27.614,24.371,87.286
1997-W07,1997,7,1997-02-10,1997-02-16,57.9,57.9,199.4,278.2,-1.084,-0.828,-0.472,22.171,27.943,24.3,85.714
1997-W08,1997,8,1997-02-17,1997-02-23,112.8,112.8,271.7,391.0,-0.852,-0.717,-0.376,22.671,27.471,24.543,88.857
1997-W09,1997,9,1997-02-24,1997-03-02,148.4,148.4,358.9,535.6,-0.537,-0.497,-0.412,23.414,28.571,25.271,89.857
1997-W10,1997,10,1997-03-03,1997-03-09,62.8,62.8,381.9,596.5,-0.617,-0.648,-0.456,24.1,28.471,25.7,88.857
1997-W11,1997,11,1997-03-10,1997-03-16,140.6,140.6,464.6,736.9,-0.343,-0.415,-0.36,23.886,28.029,25.243,91.571
1997-W12,1997,12,1997-03-17,1997-03-23,102.7,102.7,454.5,837.5,-0.203,-0.357,-0.257,23.529,28.714,25.543,89.286
1997-W13,1997,13,1997-03-24,1997-03-30,39.7,39.7,345.8,866.6,-0.22,-0.402,-0.242,23.829,29.1,26.0,86.143
1997-W14,1997,14,1997-03-31,1997-04-06,34.8,34.8,317.8,891.9,-0.206,-0.466,-0.266,23.857,28.871,25.7,86.429
1997-W15,1997,15,1997-04-07,1997-04-13,52.4,52.4,229.6,940.3,-0.127,-0.44,-0.303,22.957,28.029,24.871,88.143
1997-W16,1997,16,1997-04-14,1997-04-20,125.5,125.5,252.4,1019.1,0.054,-0.296,-0.153,23.271,28.1,25.0,89.286
1997-W17,1997,17,1997-04-21,1997-04-27,136.0,136.0,348.7,1114.6,0.305,-0.116,-0.017,23.329,28.614,25.414,87.714
1997-W18,1997,18,1997-04-28,1997-05-04,141.2,141.2,455.1,1194.6,0.533,0.033,0.1,23.514,28.5,25.257,89.857
1997-W19,1997,19,1997-05-05,1997-05-11,141.5,141.5,544.2,1296.3,0.813,0.191,0.218,23.357,28.557,25.3,89.571
1997-W20,1997,20,1997-05-12,1997-05-18,80.6,80.6,499.3,1319.0,0.96,0.268,0.267,23.971,29.2,25.886,87.714
1997-W21,1997,21,1997-05-19,1997-05-25,81.0,81.0,444.3,1287.2,0.994,0.345,0.318,23.814,29.1,25.614,88.857
1997-W22,1997,22,1997-05-26,1997-06-01,74.3,74.3,377.4,1213.1,0.985,0.416,0.362,23.643,28.586,25.457,89.429
1997-W23,1997,23,1997-06-02,1997-06-08,9.9,9.9,245.8,1160.2,1.042,0.401,0.338,24.129,29.529,26.243,85.286
1997-W24,1997,24,1997-06-09,1997-06-15,21.7,21.7,186.9,1041.3,0.969,0.42,0.32,23.657,28.957,25.786,84.571
1997-W25,1997,25,1997-06-16,1997-06-22,89.3,89.3,195.2,1027.9,1.06,0.527,0.365,23.371,27.271,24.857,89.857
1997-W26,1997,26,1997-06-23,1997-06-29,65.6,65.6,186.5,1053.8,1.214,0.616,0.397,23.586,28.386,25.3,88.0
1997-W27,1997,27,1997-06-30,1997-07-06,151.6,151.6,328.2,1170.6,1.544,0.854,0.523,23.0,28.071,24.814,89.143
1997-W28,1997,28,1997-07-07,1997-07-13,111.0,111.0,417.5,1229.2,1.731,0.999,0.596,23.257,28.271,25.071,89.571
1997-W29,1997,29,1997-07-14,1997-07-20,52.6,52.6,380.8,1156.3,1.65,1.081,0.636,23.729,29.057,25.657,86.429
1997-W30,1997,30,1997-07-21,1997-07-27,28.9,28.9,344.1,1049.2,1.573,1.128,0.658,23.871,29.571,25.929,84.857
1997-W31,1997,31,1997-07-28,1997-08-03,60.7,60.7,253.2,968.7,1.58,1.212,0.695,23.586,27.814,25.229,89.0
1997-W32,1997,32,1997-08-04,1997-08-10,81.8,81.8,224.0,909.0,1.558,1.352,0.718,23.629,28.557,25.386,87.571
1997-W33,1997,33,1997-08-11,1997-08-17,85.1,85.1,256.5,913.5,1.631,1.503,0.776,23.6,28.486,25.386,87.714
1997-W34,1997,34,1997-08-18,1997-08-24,87.5,87.5,315.1,920.0,1.743,1.547,0.848,23.357,28.686,25.271,87.571
1997-W35,1997,35,1997-08-25,1997-08-31,72.7,72.7,327.1,918.4,1.801,1.544,0.903,23.114,28.786,25.1,85.286
1997-W36,1997,36,1997-09-01,1997-09-07,61.8,61.8,307.1,970.3,1.873,1.604,0.899,23.2,28.4,25.114,85.571
1997-W37,1997,37,1997-09-08,1997-09-14,72.3,72.3,294.3,1020.9,1.971,1.603,0.957,23.229,28.371,25.086,87.429
1997-W38,1997,38,1997-09-15,1997-09-21,119.2,119.2,326.0,1050.8,2.016,1.673,1.037,23.629,27.957,25.129,88.857
1997-W39,1997,39,1997-09-22,1997-09-28,21.0,21.0,274.3,1006.2,1.976,1.719,1.039,23.614,29.257,25.743,84.714
1997-W40,1997,40,1997-09-29,1997-10-05,120.4,120.4,332.9,975.0,1.965,1.873,1.131,23.271,27.929,24.943,88.429
1997-W41,1997,41,1997-10-06,1997-10-12,32.6,32.6,293.2,896.6,1.942,1.935,1.15,23.586,28.757,25.429,85.714
1997-W42,1997,42,1997-10-13,1997-10-19,6.4,6.4,180.4,850.4,1.948,1.836,1.148,23.714,29.786,26.043,82.0
1997-W43,1997,43,1997-10-20,1997-10-26,43.4,43.4,202.8,864.9,2.064,1.814,1.178,23.614,28.557,25.486,86.0
1997-W44,1997,44,1997-10-27,1997-11-02,94.6,94.6,177.0,898.8,2.192,1.873,1.238,23.9,28.314,25.486,88.714
1997-W45,1997,45,1997-11-03,1997-11-09,140.9,140.9,285.3,957.9,2.39,1.934,1.347,23.529,26.957,24.771,91.857
1997-W46,1997,46,1997-11-10,1997-11-16,61.8,61.8,340.7,934.6,2.477,2.006,1.39,23.529,29.643,25.714,87.0
1997-W47,1997,47,1997-11-17,1997-11-23,101.2,101.2,398.5,948.3,2.561,2.123,1.462,23.886,27.814,25.457,88.286
1997-W48,1997,48,1997-11-24,1997-11-30,57.3,57.3,361.2,932.9,2.576,2.182,1.501,23.571,28.186,25.371,85.714
1997-W49,1997,49,1997-12-01,1997-12-07,105.2,105.2,325.5,976.3,2.804,2.339,1.571,24.571,29.0,26.257,87.857
1997-W50,1997,50,1997-12-08,1997-12-14,297.4,297.4,561.1,1201.4,3.363,2.661,1.789,23.871,27.643,25.2,92.571
1997-W51,1997,51,1997-12-15,1997-12-21,194.7,194.7,654.6,1276.9,3.473,2.796,1.917,23.829,27.914,25.357,90.143
1997-W52,1997,52,1997-12-22,1997-12-28,294.3,294.3,891.6,1550.2,3.767,2.988,2.098,24.114,27.757,25.329,93.571
1998-W01,1998,1,1997-12-29,1998-01-04,266.5,266.5,1052.9,1696.3,3.903,3.191,2.328,23.843,27.443,25.157,93.857
1998-W02,1998,2,1998-01-05,1998-01-11,191.7,191.7,947.2,1855.4,4.038,3.355,2.502,24.486,28.071,25.814,92.429
1998-W03,1998,3,1998-01-12,1998-01-18,399.5,399.5,1152.0,2248.5,4.257,3.652,2.69,24.0,27.443,25.243,93.571
1998-W04,1998,4,1998-01-19,1998-01-25,263.0,263.0,1120.7,2468.1,4.327,3.843,2.799,24.429,28.129,25.686,92.429
1998-W05,1998,5,1998-01-26,1998-02-01,103.6,103.6,957.8,2477.1,4.193,3.844,2.866,24.529,29.2,26.229,90.857
1998-W06,1998,6,1998-02-02,1998-02-08,417.4,417.4,1183.5,2753.6,4.353,4.106,3.011,24.386,27.514,25.5,94.714
1998-W07,1998,7,1998-02-09,1998-02-15,158.1,158.1,942.1,2849.9,4.324,4.167,3.118,24.0,28.857,25.957,90.0
1998-W08,1998,8,1998-02-16,1998-02-22,198.3,198.3,877.4,2947.0,4.347,4.295,3.188,24.743,29.2,26.257,92.0
1998-W09,1998,9,1998-02-23,1998-03-01,168.0,168.0,941.8,3057.7,4.268,4.266,3.238,24.329,28.429,25.986,89.714
1998-W10,1998,10,1998-03-02,1998-03-08,226.6,226.6,751.0,3179.1,4.216,4.307,3.365,24.3,28.5,25.971,91.429
1998-W11,1998,11,1998-03-09,1998-03-15,256.9,256.9,849.8,3138.6,3.94,4.233,3.453,24.357,28.7,25.886,92.714
1998-W12,1998,12,1998-03-16,1998-03-22,286.1,286.1,937.6,3230.0,3.861,4.245,3.545,24.157,28.529,25.771,90.857
1998-W13,1998,13,1998-03-23,1998-03-29,198.8,198.8,968.4,3134.5,3.717,4.278,3.624,24.214,28.529,25.9,90.857
1998-W14,1998,14,1998-03-30,1998-04-05,119.0,119.0,860.8,2987.0,3.408,4.121,3.644,23.986,29.471,26.186,88.0
1998-W15,1998,15,1998-04-06,1998-04-12,220.6,220.6,824.5,3015.9,3.362,4.099,3.678,23.914,28.414,25.671,90.571
1998-W16,1998,16,1998-04-13,1998-04-19,247.5,247.5,785.9,2863.9,3.184,4.132,3.687,24.629,28.8,26.157,92.0
1998-W17,1998,17,1998-04-20,1998-04-26,154.3,154.3,741.4,2755.2,2.941,4.059,3.664,23.943,28.186,25.529,91.143
1998-W18,1998,18,1998-04-27,1998-05-03,210.5,210.5,832.9,2862.1,2.987,4.008,3.665,24.014,28.114,25.671,91.429
1998-W19,1998,19,1998-05-04,1998-05-10,186.0,186.0,798.3,2630.7,2.777,3.976,3.68,24.5,29.386,26.529,89.0
1998-W20,1998,20,1998-05-11,1998-05-17,168.4,168.4,719.2,2641.0,2.847,3.917,3.687,24.614,29.286,26.214,91.0
1998-W21,1998,21,1998-05-18,1998-05-24,99.1,99.1,664.0,2541.8,2.733,3.854,3.669,24.829,29.743,26.5,89.143
1998-W22,1998,22,1998-05-25,1998-05-31,79.8,79.8,533.3,2453.6,2.681,3.826,3.677,23.829,28.571,25.829,86.429
1998-W23,1998,23,1998-06-01,1998-06-07,193.5,193.5,540.8,2420.5,2.717,3.826,3.73,23.557,27.571,25.014,91.857
1998-W24,1998,24,1998-06-08,1998-06-14,109.7,109.7,482.1,2273.3,2.659,3.743,3.77,23.629,28.457,25.386,89.714
1998-W25,1998,25,1998-06-15,1998-06-21,129.7,129.7,512.7,2116.9,2.55,3.676,3.771,22.957,27.386,24.5,90.143
1998-W26,1998,26,1998-06-22,1998-06-28,29.4,29.4,462.3,1947.5,2.471,3.55,3.771,22.443,27.614,24.357,87.143
1998-W27,1998,27,1998-06-29,1998-07-05,58.1,58.1,326.9,1886.6,2.517,3.46,3.754,22.743,26.843,24.243,89.857
1998-W28,1998,28,1998-07-06,1998-07-12,178.3,178.3,395.5,1844.3,2.558,3.429,3.77,22.443,26.743,23.986,91.0
1998-W29,1998,29,1998-07-13,1998-07-19,95.6,95.6,361.4,1692.4,2.334,3.305,3.779,22.071,26.557,23.657,89.857
1998-W30,1998,30,1998-07-20,1998-07-26,103.5,103.5,435.5,1641.6,2.331,3.202,3.802,22.029,26.786,23.7,89.857
1998-W31,1998,31,1998-07-27,1998-08-02,56.7,56.7,434.1,1487.8,2.294,3.207,3.801,21.857,27.286,23.957,86.0
1998-W32,1998,32,1998-08-03,1998-08-09,46.4,46.4,302.2,1348.2,2.175,2.987,3.798,21.914,26.157,23.614,87.143
1998-W33,1998,33,1998-08-10,1998-08-16,55.6,55.6,262.2,1235.4,2.086,3.021,3.784,21.414,26.857,23.386,87.0
1998-W34,1998,34,1998-08-17,1998-08-23,28.0,28.0,186.7,1164.3,2.103,2.895,3.766,21.214,26.829,23.271,85.857
1998-W35,1998,35,1998-08-24,1998-08-30,39.9,39.9,169.9,1124.4,2.11,2.816,3.754,21.4,26.614,23.343,86.857
1998-W36,1998,36,1998-08-31,1998-09-06,39.8,39.8,163.3,970.7,1.874,2.678,3.689,21.0,26.043,22.8,87.0
1998-W37,1998,37,1998-09-07,1998-09-13,18.2,18.2,125.9,879.2,1.757,2.525,3.665,20.657,26.986,23.029,85.0
1998-W38,1998,38,1998-09-14,1998-09-20,41.0,41.0,138.9,790.5,1.625,2.363,3.639,20.543,26.471,22.729,85.143
1998-W39,1998,39,1998-09-21,1998-09-27,74.9,74.9,173.9,836.0,1.723,2.321,3.656,20.829,26.4,22.857,88.0
1998-W40,1998,40,1998-09-28,1998-10-04,11.1,11.1,145.2,789.0,1.681,2.303,3.616,21.557,27.043,23.543,83.143
1998-W41,1998,41,1998-10-05,1998-10-11,25.0,25.0,152.0,635.7,1.489,2.227,3.609,21.143,27.257,23.386,84.714
1998-W42,1998,42,1998-10-12,1998-10-18,1.6,1.6,112.6,541.7,1.355,2.019,3.603,20.457,27.343,23.043,81.0
1998-W43,1998,43,1998-10-19,1998-10-25,9.2,9.2,46.9,447.4,1.183,1.956,3.577,19.671,27.357,22.414,80.0
1998-W44,1998,44,1998-10-26,1998-11-01,7.7,7.7,43.5,398.4,1.082,1.889,3.543,20.171,27.371,22.943,80.0
1998-W45,1998,45,1998-11-02,1998-11-08,0.7,0.7,19.2,352.7,0.993,1.788,3.496,21.057,28.071,23.686,80.0
1998-W46,1998,46,1998-11-09,1998-11-15,11.4,11.4,29.0,308.5,0.879,1.725,3.465,21.071,27.9,23.6,79.714
1998-W47,1998,47,1998-11-16,1998-11-22,29.3,29.3,49.1,309.8,0.903,1.745,3.426,21.057,27.2,23.229,84.286
1998-W48,1998,48,1998-11-23,1998-11-29,4.6,4.6,46.0,274.5,0.801,1.733,3.401,21.329,28.014,23.814,81.143
1998-W49,1998,49,1998-11-30,1998-12-06,0.0,0.0,45.3,234.7,0.651,1.57,3.343,20.186,28.814,23.643,76.571
1998-W50,1998,50,1998-12-07,1998-12-13,6.8,6.8,40.7,223.3,0.603,1.489,3.229,20.571,28.414,23.514,76.286
1998-W51,1998,51,1998-12-14,1998-12-20,34.7,34.7,46.1,217.0,0.537,1.385,3.152,21.786,27.014,23.871,85.571
1998-W52,1998,52,1998-12-21,1998-12-27,18.6,18.6,60.1,160.7,0.11,1.356,3.009,22.229,28.329,24.557,83.286
1998-W53,1998,53,1998-12-28,1999-01-03,12.6,12.6,72.7,162.2,,,,22.514,27.829,24.543,83.857
1999-W01,1999,1,1999-01-04,1999-01-10,13.4,13.4,79.3,150.6,-0.104,1.032,2.861,22.857,28.071,24.857,83.714
1999-W02,1999,2,1999-01-11,1999-01-17,10.3,10.3,54.9,159.3,-0.222,0.838,2.704,22.829,28.514,24.9,82.714
1999-W03,1999,3,1999-01-18,1999-01-24,25.5,25.5,61.8,175.6,-0.377,0.555,2.539,22.071,27.471,23.943,83.429
1999-W04,1999,4,1999-01-25,1999-01-31,74.1,74.1,123.3,242.0,-0.274,0.45,2.502,22.5,27.486,24.371,87.0
1999-W05,1999,5,1999-02-01,1999-02-07,115.2,115.2,225.1,356.5,-0.06,0.432,2.353,23.286,27.029,24.671,89.429
1999-W06,1999,6,1999-02-08,1999-02-14,97.3,97.3,312.1,442.4,-0.009,0.357,2.265,22.843,27.4,24.514,88.429
1999-W07,1999,7,1999-02-15,1999-02-21,160.4,160.4,447.0,573.5,0.155,0.455,2.278,22.829,27.314,24.486,90.0
1999-W08,1999,8,1999-02-22,1999-02-28,69.4,69.4,442.3,638.3,0.093,0.337,2.229,22.914,28.029,24.914,87.286
1999-W09,1999,9,1999-03-01,1999-03-07,103.4,103.4,430.5,741.7,0.151,0.291,2.172,23.014,28.486,25.214,86.571
1999-W10,1999,10,1999-03-08,1999-03-14,162.6,162.6,495.8,897.5,0.313,0.39,2.129,23.157,28.186,24.914,89.857
1999-W11,1999,11,1999-03-15,1999-03-21,56.7,56.7,392.1,919.5,0.179,0.269,1.984,23.014,28.429,25.214,85.714
1999-W12,1999,12,1999-03-22,1999-03-28,56.2,56.2,378.9,957.1,0.118,0.102,1.87,22.586,28.129,24.714,86.571
1999-W13,1999,13,1999-03-29,1999-04-04,38.3,38.3,313.8,982.8,0.091,0.051,1.807,23.057,28.614,25.157,85.0
1999-W14,1999,14,1999-04-05,1999-04-11,33.7,33.7,184.9,1003.1,0.082,-0.053,1.655,22.557,27.457,24.357,87.571
1999-W15,1999,15,1999-04-12,1999-04-18,106.0,106.0,234.2,1098.8,0.261,0.06,1.526,22.414,27.029,24.114,90.0
1999-W16,1999,16,1999-04-19,1999-04-25,63.6,63.6,241.6,1136.9,0.334,0.058,1.439,22.386,27.814,24.371,88.0
1999-W17,1999,17,1999-04-26,1999-05-02,65.7,65.7,269.0,1128.5,0.336,0.083,1.313,22.6,27.729,24.543,88.143
1999-W18,1999,18,1999-05-03,1999-05-09,73.6,73.6,308.9,1086.9,0.311,0.135,1.21,22.357,27.057,24.157,89.714
1999-W19,1999,19,1999-05-10,1999-05-16,50.0,50.0,252.9,1039.6,0.295,0.136,1.112,22.4,27.286,24.229,88.714
1999-W20,1999,20,1999-05-17,1999-05-23,100.8,100.8,290.1,980.0,0.286,0.203,1.108,22.186,27.029,24.014,89.143
1999-W21,1999,21,1999-05-24,1999-05-30,87.6,87.6,312.0,998.2,0.447,0.286,1.106,21.657,26.7,23.586,87.857
1999-W22,1999,22,1999-05-31,1999-06-06,62.8,62.8,301.2,957.6,0.507,0.348,1.002,20.8,26.429,22.986,87.429
1999-W23,1999,23,1999-06-07,1999-06-13,34.4,34.4,285.6,829.4,0.415,0.36,0.93,21.029,25.843,22.943,89.0
1999-W24,1999,24,1999-06-14,1999-06-20,40.9,40.9,225.7,813.6,0.528,0.358,0.854,20.629,25.2,22.357,88.286
1999-W25,1999,25,1999-06-21,1999-06-27,57.4,57.4,195.5,814.8,0.66,0.402,0.871,20.129,25.643,22.286,89.143
1999-W26,1999,26,1999-06-28,1999-07-04,59.6,59.6,192.3,836.1,0.81,0.481,0.878,20.357,25.171,22.114,89.0
1999-W27,1999,27,1999-07-05,1999-07-11,24.1,24.1,182.0,826.5,0.937,0.552,0.753,20.329,25.743,22.243,86.857
1999-W28,1999,28,1999-07-12,1999-07-18,14.4,14.4,155.5,734.9,0.852,0.577,0.676,19.957,26.371,22.171,84.714
1999-W29,1999,29,1999-07-19,1999-07-25,64.3,64.3,162.4,735.6,0.958,0.699,0.639,19.943,25.386,21.943,88.571
1999-W30,1999,30,1999-07-26,1999-08-01,51.1,51.1,153.9,721.0,1.033,0.738,0.632,20.186,25.914,22.243,86.714
1999-W31,1999,31,1999-08-02,1999-08-08,19.0,19.0,148.8,666.4,1.048,0.706,0.607,19.943,25.614,21.929,83.714
1999-W32,1999,32,1999-08-09,1999-08-15,61.9,61.9,196.3,678.3,1.157,0.76,0.616,19.3,25.5,21.514,87.286
1999-W33,1999,33,1999-08-16,1999-08-22,6.1,6.1,138.1,583.6,1.048,0.676,0.594,19.214,25.557,21.529,84.286
1999-W34,1999,34,1999-08-23,1999-08-29,3.8,3.8,90.8,499.8,0.953,0.696,0.563,19.514,26.286,21.9,82.286
1999-W35,1999,35,1999-08-30,1999-09-05,58.4,58.4,130.2,495.4,0.997,0.749,0.58,19.471,26.186,21.9,86.143
1999-W36,1999,36,1999-09-06,1999-09-12,27.4,27.4,95.7,488.4,1.0,0.674,0.564,19.971,25.8,22.086,85.857
1999-W37,1999,37,1999-09-13,1999-09-19,38.3,38.3,127.9,485.8,1.02,0.753,0.561,19.829,26.186,22.2,85.286
1999-W38,1999,38,1999-09-20,1999-09-26,75.1,75.1,199.2,503.5,1.088,0.866,0.564,20.229,24.957,22.014,90.571
1999-W39,1999,39,1999-09-27,1999-10-03,17.8,17.8,158.6,461.7,1.026,0.919,0.567,20.5,25.757,22.486,85.429
1999-W40,1999,40,1999-10-04,1999-10-10,16.4,16.4,147.6,454.0,1.041,1.001,0.562,20.886,26.686,23.0,84.857
1999-W41,1999,41,1999-10-11,1999-10-17,85.1,85.1,194.4,524.7,1.261,1.061,0.636,20.143,25.486,22.071,88.571
1999-W42,1999,42,1999-10-18,1999-10-24,25.0,25.0,144.3,485.4,1.226,1.081,0.651,20.414,25.757,22.443,85.143
1999-W43,1999,43,1999-10-25,1999-10-31,2.1,2.1,128.6,436.4,1.154,1.081,0.645,20.671,25.729,22.571,83.857
1999-W44,1999,44,1999-11-01,1999-11-07,0.9,0.9,113.1,418.3,1.139,1.083,0.645,20.7,27.2,23.214,81.286
1999-W45,1999,45,1999-11-08,1999-11-14,2.6,2.6,30.6,359.0,1.013,1.098,0.64,20.914,26.657,23.114,82.286
1999-W46,1999,46,1999-11-15,1999-11-21,24.4,24.4,30.0,377.3,1.121,1.075,0.635,20.986,26.414,22.971,84.429
1999-W47,1999,47,1999-11-22,1999-11-28,3.5,3.5,31.4,377.0,1.145,1.029,0.633,20.871,26.443,22.914,82.286
1999-W48,1999,48,1999-11-29,1999-12-05,39.6,39.6,70.1,358.2,1.119,1.051,0.67,21.071,25.814,22.829,86.143
1999-W49,1999,49,1999-12-06,1999-12-12,4.8,4.8,72.3,335.6,1.086,1.055,0.668,21.3,26.871,23.457,82.571
1999-W50,1999,50,1999-12-13,1999-12-19,12.7,12.7,60.6,310.0,1.011,1.044,0.653,21.814,25.971,23.3,87.0
1999-W51,1999,51,1999-12-20,1999-12-26,8.9,8.9,66.0,243.8,0.676,0.983,0.643,21.971,26.329,23.7,85.429
1999-W52,1999,52,1999-12-27,2000-01-02,39.2,39.2,65.6,265.2,0.675,0.93,0.667,22.157,27.043,23.957,85.0
2000-W01,2000,1,2000-01-03,2000-01-09,0.8,0.8,61.6,249.6,0.465,0.881,0.697,21.671,27.214,23.914,81.714
2000-W02,2000,2,2000-01-10,2000-01-16,4.2,4.2,53.1,168.7,-0.159,0.823,0.711,22.414,27.4,24.414,82.0
2000-W03,2000,3,2000-01-17,2000-01-23,30.4,30.4,74.6,174.1,-0.387,0.636,0.708,21.886,27.886,24.143,82.857
2000-W04,2000,4,2000-01-24,2000-01-30,88.1,88.1,123.5,260.1,-0.182,0.577,0.708,22.329,26.843,24.057,87.857
2000-W05,2000,5,2000-01-31,2000-02-06,107.1,107.1,229.8,366.3,-0.019,0.598,0.717,22.086,26.843,23.814,89.286
2000-W06,2000,6,2000-02-07,2000-02-13,20.7,20.7,246.3,384.4,-0.24,0.34,0.634,22.671,28.114,24.857,83.0
2000-W07,2000,7,2000-02-14,2000-02-20,59.6,59.6,275.5,419.6,-0.415,0.26,0.543,22.543,27.786,24.657,85.571
2000-W08,2000,8,2000-02-21,2000-02-27,44.0,44.0,231.4,460.1,-0.554,0.161,0.514,22.486,27.343,24.386,87.143
2000-W09,2000,9,2000-02-28,2000-03-05,100.5,100.5,224.8,521.0,-0.593,0.068,0.514,22.7,27.457,24.443,88.0
2000-W10,2000,10,2000-03-06,2000-03-12,108.2,108.2,312.3,624.4,-0.519,0.038,0.459,22.829,26.886,24.471,90.143
2000-W11,2000,11,2000-03-13,2000-03-19,41.4,41.4,294.1,653.1,-0.611,-0.101,0.452,22.714,28.214,25.0,85.143
2000-W12,2000,12,2000-03-20,2000-03-26,49.4,49.4,299.5,693.6,-0.634,-0.289,0.432,22.5,27.343,24.443,86.857
2000-W13,2000,13,2000-03-27,2000-04-02,53.9,53.9,252.9,708.3,-0.694,-0.314,0.448,22.171,27.571,24.4,86.143
2000-W14,2000,14,2000-04-03,2000-04-09,89.7,89.7,234.4,797.2,-0.471,-0.273,0.504,22.229,27.943,24.471,86.429
2000-W15,2000,15,2000-04-10,2000-04-16,58.9,58.9,251.9,851.9,-0.362,-0.409,0.454,22.543,27.529,24.557,88.286
2000-W16,2000,16,2000-04-17,2000-04-23,36.7,36.7,239.2,858.2,-0.366,-0.48,0.427,23.0,28.086,25.029,86.714
2000-W17,2000,17,2000-04-24,2000-04-30,77.4,77.4,262.7,847.5,-0.342,-0.394,0.435,22.686,27.514,24.586,87.857
2000-W18,2000,18,2000-05-01,2000-05-07,81.3,81.3,254.3,821.7,-0.307,-0.303,0.435,22.586,27.186,24.443,88.429
2000-W19,2000,19,2000-05-08,2000-05-14,84.8,84.8,280.2,885.8,-0.057,-0.216,0.47,22.371,26.9,24.114,90.143
2000-W20,2000,20,2000-05-15,2000-05-21,77.7,77.7,321.2,903.9,0.114,-0.16,0.448,22.014,26.743,23.729,89.857
2000-W21,2000,21,2000-05-22,2000-05-28,59.0,59.0,302.8,918.9,0.279,-0.106,0.417,21.157,26.786,23.243,88.143
2000-W22,2000,22,2000-05-29,2000-06-04,23.8,23.8,245.3,842.2,0.263,-0.157,0.381,21.671,26.871,23.671,87.286
2000-W23,2000,23,2000-06-05,2000-06-11,63.4,63.4,223.9,797.4,0.346,-0.085,0.405,21.6,26.386,23.386,89.286
2000-W24,2000,24,2000-06-12,2000-06-18,31.4,31.4,177.6,787.4,0.473,-0.074,0.394,20.529,25.614,22.529,87.429
2000-W25,2000,25,2000-06-19,2000-06-25,48.3,48.3,166.9,786.3,0.602,-0.02,0.38,20.614,25.557,22.457,88.143
2000-W26,2000,26,2000-06-26,2000-07-02,35.3,35.3,178.4,767.7,0.669,-0.017,0.361,20.157,25.771,22.3,86.286
2000-W27,2000,27,2000-07-03,2000-07-09,35.7,35.7,150.7,713.7,0.704,0.093,0.378,19.743,25.814,21.814,86.714
2000-W28,2000,28,2000-07-10,2000-07-16,15.3,15.3,134.6,670.1,0.711,0.136,0.375,20.029,25.971,22.171,85.714
2000-W29,2000,29,2000-07-17,2000-07-23,3.6,3.6,89.9,637.0,0.761,0.161,0.315,19.614,25.757,21.886,83.0
2000-W30,2000,30,2000-07-24,2000-07-30,15.5,15.5,70.1,575.1,0.741,0.13,0.277,19.729,25.014,21.686,84.714
2000-W31,2000,31,2000-07-31,2000-08-06,29.8,29.8,64.2,523.6,0.742,0.117,0.289,19.457,25.614,21.743,85.429
2000-W32,2000,32,2000-08-07,2000-08-13,50.2,50.2,99.1,489.0,0.758,0.274,0.279,20.271,26.2,22.514,85.857
2000-W33,2000,33,2000-08-14,2000-08-20,24.8,24.8,120.3,436.1,0.717,0.348,0.296,20.057,27.243,22.557,83.714
2000-W34,2000,34,2000-08-21,2000-08-27,59.6,59.6,164.4,436.7,0.801,0.495,0.353,19.857,26.814,22.329,84.714
2000-W35,2000,35,2000-08-28,2000-09-03,33.2,33.2,167.8,446.1,0.878,0.521,0.328,19.771,25.657,22.043,86.429
2000-W36,2000,36,2000-09-04,2000-09-10,18.9,18.9,136.5,401.6,0.79,0.51,0.297,19.886,26.529,22.4,85.429
2000-W37,2000,37,2000-09-11,2000-09-17,36.8,36.8,148.5,407.0,0.83,0.613,0.295,20.1,25.371,22.043,86.429
2000-W38,2000,38,2000-09-18,2000-09-24,19.9,19.9,108.8,378.6,0.793,0.669,0.242,20.143,26.3,22.329,84.571
2000-W39,2000,39,2000-09-25,2000-10-01,62.1,62.1,137.7,405.4,0.893,0.762,0.283,19.657,25.186,21.771,88.0
2000-W40,2000,40,2000-10-02,2000-10-08,22.0,22.0,140.8,391.7,0.891,0.781,0.291,20.229,26.586,22.557,84.714
2000-W41,2000,41,2000-10-09,2000-10-15,64.7,64.7,168.7,441.1,1.069,0.876,0.269,20.343,26.414,22.571,87.429
2000-W42,2000,42,2000-10-16,2000-10-22,29.5,29.5,178.3,467.0,1.182,0.944,0.275,20.5,26.414,22.643,85.143
2000-W43,2000,43,2000-10-23,2000-10-29,1.0,1.0,117.2,452.5,1.197,0.927,0.274,20.657,26.957,23.014,83.143
2000-W44,2000,44,2000-10-30,2000-11-05,0.0,0.0,95.2,422.7,1.152,0.909,0.272,19.5,26.629,22.2,81.286
2000-W45,2000,45,2000-11-06,2000-11-12,0.0,0.0,30.5,372.5,1.056,0.87,0.27,19.1,27.986,22.514,76.143
2000-W46,2000,46,2000-11-13,2000-11-19,12.1,12.1,13.1,359.8,1.063,0.847,0.258,19.529,27.386,22.4,76.857
2000-W47,2000,47,2000-11-20,2000-11-26,31.4,31.4,43.5,331.6,0.985,0.868,0.286,20.357,26.771,22.543,85.0
2000-W48,2000,48,2000-11-27,2000-12-03,39.7,39.7,83.2,338.1,1.047,0.946,0.288,21.4,27.057,23.471,86.429
2000-W49,2000,49,2000-12-04,2000-12-10,26.5,26.5,109.7,345.7,1.125,0.934,0.31,21.329,26.186,23.2,87.286
2000-W50,2000,50,2000-12-11,2000-12-17,10.3,10.3,107.9,319.2,1.049,0.929,0.309,21.343,28.086,24.043,84.143
2000-W51,2000,51,2000-12-18,2000-12-24,8.2,8.2,84.7,307.5,0.969,0.876,0.307,20.9,27.643,23.443,80.857
2000-W52,2000,52,2000-12-25,2000-12-31,47.8,47.8,92.8,293.2,0.8,0.88,0.315,21.371,26.629,23.286,88.143
2001-W01,2001,1,2001-01-01,2001-01-07,94.4,94.4,160.7,365.6,0.964,0.98,0.445,22.014,27.6,24.071,87.857
2001-W02,2001,2,2001-01-08,2001-01-14,49.3,49.3,199.7,350.2,0.751,1.012,0.504,22.614,27.414,24.371,86.857
2001-W03,2001,3,2001-01-15,2001-01-21,90.5,90.5,282.0,411.2,0.717,1.069,0.557,22.243,25.971,23.671,91.143
2001-W04,2001,4,2001-01-22,2001-01-28,95.6,95.6,329.8,505.8,0.785,1.095,0.552,22.171,27.386,23.971,88.0
2001-W05,2001,5,2001-01-29,2001-02-04,166.3,166.3,401.7,672.1,1.011,1.19,0.624,22.271,27.514,24.2,86.286
2001-W06,2001,6,2001-02-05,2001-02-11,59.6,59.6,412.0,731.7,0.914,1.068,0.651,22.571,27.843,24.5,87.0
2001-W07,2001,7,2001-02-12,2001-02-18,43.7,43.7,365.2,763.3,0.73,0.938,0.642,22.886,28.1,24.829,86.286
2001-W08,2001,8,2001-02-19,2001-02-25,56.7,56.7,326.3,788.6,0.55,0.776,0.652,22.943,26.871,24.371,89.714
2001-W09,2001,9,2001-02-26,2001-03-04,49.2,49.2,209.2,798.1,0.316,0.627,0.606,23.014,28.143,25.057,86.571
2001-W10,2001,10,2001-03-05,2001-03-11,152.6,152.6,302.2,924.2,0.385,0.688,0.652,22.571,27.471,24.414,90.143
2001-W11,2001,11,2001-03-12,2001-03-18,108.6,108.6,367.1,1022.5,0.442,0.662,0.729,23.386,27.843,25.029,89.286
2001-W12,2001,12,2001-03-19,2001-03-25,81.0,81.0,391.4,1095.3,0.457,0.643,0.748,23.457,28.786,25.386,88.714
2001-W13,2001,13,2001-03-26,2001-04-01,155.9,155.9,498.1,1203.4,0.621,0.698,0.844,22.929,28.043,24.914,89.143
2001-W14,2001,14,2001-04-02,2001-04-08,212.0,212.0,557.5,1321.0,0.803,0.878,0.953,23.486,27.571,24.914,91.286
2001-W15,2001,15,2001-04-09,2001-04-15,108.7,108.7,557.6,1380.4,0.867,0.841,0.987,22.614,28.143,24.8,88.0
2001-W16,2001,16,2001-04-16,2001-04-22,73.9,73.9,550.5,1363.8,0.824,0.797,1.011,22.929,28.071,24.9,87.429
2001-W17,2001,17,2001-04-23,2001-04-29,48.8,48.8,443.4,1317.0,0.729,0.777,0.978,22.771,27.971,24.643,87.0
2001-W18,2001,18,2001-04-30,2001-05-06,68.3,68.3,299.7,1219.0,0.582,0.791,0.955,22.471,28.086,24.643,86.714
2001-W19,2001,19,2001-05-07,2001-05-13,54.4,54.4,245.4,1213.8,0.654,0.804,0.928,22.886,27.4,24.5,88.429
2001-W20,2001,20,2001-05-14,2001-05-20,106.5,106.5,278.0,1276.6,0.882,0.867,0.949,21.929,27.043,23.771,89.571
2001-W21,2001,21,2001-05-21,2001-05-27,47.6,47.6,276.8,1267.5,0.96,0.845,0.932,21.571,26.457,23.429,88.429
2001-W22,2001,22,2001-05-28,2001-06-03,21.3,21.3,229.8,1239.6,1.031,0.793,0.933,20.671,26.014,22.743,85.429
2001-W23,2001,23,2001-06-04,2001-06-10,36.1,36.1,211.5,1123.1,0.978,0.775,0.901,20.686,26.071,22.743,87.143
2001-W24,2001,24,2001-06-11,2001-06-17,27.0,27.0,132.0,1041.5,0.97,0.791,0.896,20.6,26.314,22.8,86.429
2001-W25,2001,25,2001-06-18,2001-06-24,32.8,32.8,117.2,993.3,0.999,0.81,0.876,20.057,25.729,22.186,86.286
2001-W26,2001,26,2001-06-25,2001-07-01,10.4,10.4,106.3,847.8,0.833,0.784,0.861,19.343,25.9,21.786,83.429
2001-W27,2001,27,2001-07-02,2001-07-08,25.1,25.1,95.3,660.9,0.586,0.752,0.861,19.314,26.029,21.743,84.286
2001-W28,2001,28,2001-07-09,2001-07-15,33.2,33.2,101.5,585.4,0.512,0.749,0.871,19.929,25.843,22.171,86.429
2001-W29,2001,29,2001-07-16,2001-07-22,28.2,28.2,96.9,539.7,0.546,0.739,0.89,19.557,24.4,21.4,86.857
2001-W30,2001,30,2001-07-23,2001-07-29,59.3,59.3,145.8,550.2,0.687,0.761,0.924,20.371,26.243,22.614,87.429
2001-W31,2001,31,2001-07-30,2001-08-05,10.6,10.6,131.3,492.5,0.669,0.65,0.908,20.271,26.314,22.371,83.0
2001-W32,2001,32,2001-08-06,2001-08-12,6.2,6.2,104.3,444.3,0.65,0.681,0.874,20.043,27.129,22.629,80.857
2001-W33,2001,33,2001-08-13,2001-08-19,4.1,4.1,80.2,341.9,0.466,0.752,0.856,20.457,28.286,23.229,79.429
2001-W34,2001,34,2001-08-20,2001-08-26,1.7,1.7,22.6,296.0,0.402,0.785,0.808,20.357,27.086,22.8,80.143
2001-W35,2001,35,2001-08-27,2001-09-02,7.8,7.8,19.8,282.5,0.408,0.84,0.786,19.929,27.557,22.686,79.429
2001-W36,2001,36,2001-09-03,2001-09-09,56.7,56.7,70.3,303.1,0.512,0.817,0.792,19.614,26.157,21.971,85.286
2001-W37,2001,37,2001-09-10,2001-09-16,22.9,22.9,89.1,299.0,0.526,0.806,0.78,19.214,25.986,21.686,85.143
2001-W38,2001,38,2001-09-17,2001-09-23,33.6,33.6,121.0,299.8,0.573,0.835,0.795,19.529,26.257,21.957,84.571
2001-W39,2001,39,2001-09-24,2001-09-30,12.3,12.3,125.5,301.7,0.613,0.73,0.748,19.943,26.571,22.271,83.429
2001-W40,2001,40,2001-10-01,2001-10-07,7.4,7.4,76.2,284.0,0.591,0.559,0.739,20.2,27.643,22.729,80.714
2001-W41,2001,41,2001-10-08,2001-10-14,8.5,8.5,61.8,259.3,0.552,0.498,0.687,20.643,27.243,22.929,82.571
2001-W42,2001,42,2001-10-15,2001-10-21,1.6,1.6,29.8,232.7,0.483,0.497,0.663,19.557,27.614,22.314,79.429
2001-W43,2001,43,2001-10-22,2001-10-28,3.5,3.5,21.0,176.9,0.259,0.515,0.665,19.7,26.786,22.229,79.714
2001-W44,2001,44,2001-10-29,2001-11-04,0.0,0.0,13.6,166.3,0.21,0.486,0.664,20.214,28.214,23.2,76.857
2001-W45,2001,45,2001-11-05,2001-11-11,4.2,4.2,9.3,164.3,0.225,0.482,0.671,20.329,28.657,23.171,75.571
2001-W46,2001,46,2001-11-12,2001-11-18,32.4,32.4,40.1,192.6,0.376,0.412,0.688,20.471,26.886,22.643,84.571
2001-W47,2001,47,2001-11-19,2001-11-25,34.5,34.5,71.1,225.4,0.546,0.438,0.69,20.657,25.886,22.6,86.857
2001-W48,2001,48,2001-11-26,2001-12-02,3.3,3.3,74.4,220.9,0.562,0.447,0.66,21.186,27.786,23.771,81.571
2001-W49,2001,49,2001-12-03,2001-12-09,7.8,7.8,78.0,172.0,0.314,0.425,0.642,21.657,26.614,23.529,83.286
2001-W50,2001,50,2001-12-10,2001-12-16,16.4,16.4,62.0,165.5,0.269,0.416,0.653,21.686,27.886,23.957,83.0
2001-W51,2001,51,2001-12-17,2001-12-23,17.3,17.3,44.8,149.2,0.128,0.39,0.659,21.829,26.486,23.586,86.429
2001-W52,2001,52,2001-12-24,2001-12-30,29.0,29.0,70.5,165.9,0.144,0.41,0.642,21.671,27.329,23.857,85.714
2002-W01,2002,1,2001-12-31,2002-01-06,3.9,3.9,66.6,162.4,-0.024,0.324,0.6,22.5,27.929,24.543,83.286
2002-W02,2002,2,2002-01-07,2002-01-13,4.6,4.6,54.8,158.5,-0.227,0.175,0.573,22.786,29.229,25.3,81.286
2002-W03,2002,3,2002-01-14,2002-01-20,63.5,63.5,101.0,220.4,-0.114,0.13,0.54,22.814,28.371,24.786,84.429
2002-W04,2002,4,2002-01-21,2002-01-27,71.2,71.2,143.2,288.1,-0.046,-0.002,0.504,23.2,28.057,24.914,87.714
2002-W05,2002,5,2002-01-28,2002-02-03,49.2,49.2,188.5,337.3,-0.144,-0.091,0.4,23.2,27.357,24.729,89.143
2002-W06,2002,6,2002-02-04,2002-02-10,112.6,112.6,296.5,445.7,0.003,0.011,0.448,23.4,28.257,25.129,88.571
2002-W07,2002,7,2002-02-11,2002-02-17,185.1,185.1,418.1,598.4,0.237,0.246,0.59,23.286,26.5,24.429,91.571
2002-W08,2002,8,2002-02-18,2002-02-24,170.0,170.0,516.9,733.9,0.391,0.441,0.697,23.071,27.057,24.5,90.571
2002-W09,2002,9,2002-02-25,2002-03-03,138.3,138.3,606.0,868.9,0.513,0.533,0.786,23.371,27.529,24.9,90.714
2002-W10,2002,10,2002-03-04,2002-03-10,128.0,128.0,621.4,989.1,0.554,0.473,0.767,23.229,27.629,24.843,90.143
2002-W11,2002,11,2002-03-11,2002-03-17,143.3,143.3,579.6,1116.0,0.667,0.551,0.812,23.386,28.014,25.143,90.429
2002-W12,2002,12,2002-03-18,2002-03-24,149.0,149.0,558.6,1247.7,0.8,0.632,0.864,23.514,27.786,25.186,91.429
2002-W13,2002,13,2002-03-25,2002-03-31,103.1,103.1,523.4,1321.8,0.879,0.682,0.813,23.871,28.771,25.657,89.143
2002-W14,2002,14,2002-04-01,2002-04-07,270.3,270.3,665.7,1588.2,1.325,0.976,0.864,23.729,27.729,25.157,90.429
2002-W15,2002,15,2002-04-08,2002-04-14,43.1,43.1,565.5,1626.7,1.334,0.922,0.795,23.629,29.2,25.729,87.286
2002-W16,2002,16,2002-04-15,2002-04-21,127.8,127.8,544.3,1691.0,1.443,0.991,0.839,23.571,27.843,25.086,89.429
2002-W17,2002,17,2002-04-22,2002-04-28,74.5,74.5,515.7,1694.3,1.418,0.994,0.854,23.486,28.4,25.243,88.429
2002-W18,2002,18,2002-04-29,2002-05-05,78.8,78.8,324.2,1723.9,1.469,1.014,0.853,23.443,28.114,25.157,88.143
2002-W19,2002,19,2002-05-06,2002-05-12,75.8,75.8,356.9,1687.1,1.485,1.044,0.871,23.314,29.086,25.4,87.429
2002-W20,2002,20,2002-05-13,2002-05-19,40.8,40.8,269.9,1542.8,1.344,0.992,0.81,23.071,27.886,24.857,87.0
2002-W21,2002,21,2002-05-20,2002-05-26,3.2,3.2,198.6,1376.0,1.146,0.911,0.765,22.914,27.929,24.929,85.286
2002-W22,2002,22,2002-05-27,2002-06-02,5.6,5.6,125.4,1243.3,1.037,0.884,0.754,22.643,27.943,24.786,84.0
2002-W23,2002,23,2002-06-03,2002-06-09,30.4,30.4,80.0,1145.7,1.017,0.88,0.742,22.257,27.214,24.2,86.0
2002-W24,2002,24,2002-06-10,2002-06-16,40.7,40.7,79.9,1043.1,0.972,0.907,0.752,21.829,27.014,23.886,85.571
2002-W25,2002,25,2002-06-17,2002-06-23,17.0,17.0,93.7,911.1,0.848,0.895,0.732,21.571,27.643,23.771,82.714
2002-W26,2002,26,2002-06-24,2002-06-30,5.6,5.6,93.7,813.6,0.764,0.888,0.734,20.743,28.229,23.443,80.857
2002-W27,2002,27,2002-07-01,2002-07-07,3.0,3.0,66.3,546.3,0.308,0.943,0.722,20.9,27.314,23.343,80.429
2002-W28,2002,28,2002-07-08,2002-07-14,18.1,18.1,43.7,521.3,0.349,0.974,0.704,20.6,26.957,22.929,83.0
2002-W29,2002,29,2002-07-15,2002-07-21,10.3,10.3,37.0,403.8,0.198,0.983,0.687,21.229,27.1,23.4,82.571
2002-W30,2002,30,2002-07-22,2002-07-28,29.6,29.6,61.0,358.9,0.202,0.995,0.657,20.5,26.286,22.643,84.857
2002-W31,2002,31,2002-07-29,2002-08-04,31.6,31.6,89.6,311.7,0.165,1.062,0.677,20.671,26.971,23.0,84.143
2002-W32,2002,32,2002-08-05,2002-08-11,6.1,6.1,77.6,242.0,0.04,1.029,0.679,20.614,26.757,22.843,81.714
2002-W33,2002,33,2002-08-12,2002-08-18,5.0,5.0,72.3,206.2,0.005,0.925,0.679,20.971,28.229,23.571,79.429
2002-W34,2002,34,2002-08-19,2002-08-25,10.2,10.2,52.9,213.2,0.103,0.819,0.689,20.114,27.586,22.629,81.571
2002-W35,2002,35,2002-08-26,2002-09-01,2.4,2.4,23.7,210.0,0.139,0.749,0.684,20.614,26.8,22.786,81.286
2002-W36,2002,36,2002-09-02,2002-09-08,11.2,11.2,28.8,190.8,0.108,0.699,0.617,20.214,27.629,22.714,80.143
2002-W37,2002,37,2002-09-09,2002-09-15,7.7,7.7,31.5,157.8,-0.012,0.621,0.603,20.786,28.457,23.543,79.286
2002-W38,2002,38,2002-09-16,2002-09-22,20.9,20.9,42.2,161.7,0.067,0.543,0.594,20.829,27.271,23.129,81.429
2002-W39,2002,39,2002-09-23,2002-09-29,32.8,32.8,72.6,188.9,0.223,0.527,0.61,21.671,27.614,23.757,82.714
2002-W40,2002,40,2002-09-30,2002-10-06,32.9,32.9,94.3,218.8,0.371,0.279,0.636,21.257,27.971,23.529,84.429
2002-W41,2002,41,2002-10-07,2002-10-13,27.0,27.0,113.6,227.7,0.44,0.343,0.651,21.371,27.429,23.629,83.143
2002-W42,2002,42,2002-10-14,2002-10-20,24.9,24.9,117.6,242.3,0.52,0.293,0.672,21.343,26.843,23.371,85.0
2002-W43,2002,43,2002-10-21,2002-10-27,33.1,33.1,117.9,245.8,0.553,0.315,0.698,21.857,26.914,23.686,86.286
2002-W44,2002,44,2002-10-28,2002-11-03,1.6,1.6,86.6,215.8,0.444,0.251,0.699,21.171,27.857,23.729,81.143
2002-W45,2002,45,2002-11-04,2002-11-10,8.6,8.6,68.2,218.3,0.487,0.202,0.706,21.671,27.571,23.871,83.286
2002-W46,2002,46,2002-11-11,2002-11-17,46.8,46.8,90.1,260.1,0.688,0.276,0.718,21.414,27.371,23.5,86.0
2002-W47,2002,47,2002-11-18,2002-11-24,81.9,81.9,138.9,331.8,0.985,0.484,0.758,21.957,27.271,23.986,87.0
2002-W48,2002,48,2002-11-25,2002-12-01,52.4,52.4,189.7,381.8,1.2,0.621,0.802,22.057,27.871,24.214,87.143
2002-W49,2002,49,2002-12-02,2002-12-08,22.2,22.2,203.3,392.8,1.296,0.646,0.814,22.643,28.114,24.7,85.714
2002-W50,2002,50,2002-12-09,2002-12-15,5.7,5.7,162.2,390.8,1.329,0.598,0.811,22.857,28.057,24.743,84.0
2002-W51,2002,51,2002-12-16,2002-12-22,31.6,31.6,111.9,401.5,1.337,0.641,0.822,23.0,27.357,24.614,87.143
2002-W52,2002,52,2002-12-23,2002-12-29,62.3,62.3,121.8,431.0,1.324,0.733,0.85,22.657,27.1,24.3,89.714
2003-W01,2003,1,2002-12-30,2003-01-05,76.4,76.4,176.0,474.5,1.347,0.862,0.958,23.557,27.771,24.986,89.714
2003-W02,2003,2,2003-01-06,2003-01-12,73.0,73.0,243.3,520.5,1.35,0.931,1.043,23.143,28.371,25.014,88.0
2003-W03,2003,3,2003-01-13,2003-01-19,110.7,110.7,322.4,606.3,1.334,1.014,1.072,23.229,27.786,24.971,87.571
2003-W04,2003,4,2003-01-20,2003-01-26,33.7,33.7,293.8,606.9,1.091,0.898,1.027,22.714,28.2,24.886,85.571
2003-W05,2003,5,2003-01-27,2003-02-02,51.3,51.3,268.7,656.6,0.967,0.779,1.049,22.743,27.357,24.386,87.429
2003-W06,2003,6,2003-02-03,2003-02-09,40.6,40.6,236.3,688.6,0.794,0.693,0.969,22.914,28.243,24.8,87.714
2003-W07,2003,7,2003-02-10,2003-02-16,199.7,199.7,325.3,841.5,0.94,0.898,0.994,23.5,28.071,25.143,90.286
2003-W08,2003,8,2003-02-17,2003-02-23,56.5,56.5,348.1,816.1,0.627,0.83,0.895,23.686,28.6,25.471,86.0
2003-W09,2003,9,2003-02-24,2003-03-02,70.7,70.7,367.5,834.4,0.418,0.784,0.84,22.986,27.214,24.614,88.714
2003-W10,2003,10,2003-03-03,2003-03-09,65.5,65.5,392.4,877.7,0.259,0.689,0.786,23.3,28.529,25.2,88.0
2003-W11,2003,11,2003-03-10,2003-03-16,150.7,150.7,343.4,1022.7,0.443,0.79,0.804,23.329,27.771,25.1,89.0
2003-W12,2003,12,2003-03-17,2003-03-23,42.5,42.5,329.4,1033.6,0.309,0.699,0.689,23.8,29.8,26.114,85.857
2003-W13,2003,13,2003-03-24,2003-03-30,18.1,18.1,276.8,989.4,0.108,0.567,0.604,23.271,28.743,25.429,84.0
2003-W14,2003,14,2003-03-31,2003-04-06,17.0,17.0,228.3,930.0,-0.105,0.414,0.339,23.457,29.086,25.571,84.714
2003-W15,2003,15,2003-04-07,2003-04-13,55.5,55.5,133.1,912.5,-0.199,0.369,0.352,23.557,29.057,25.671,83.857
2003-W16,2003,16,2003-04-14,2003-04-20,70.2,70.2,160.8,872.0,-0.328,0.34,0.293,23.143,28.671,25.286,85.429
2003-W17,2003,17,2003-04-21,2003-04-27,30.0,30.0,172.7,868.3,-0.287,0.256,0.244,22.343,27.829,24.586,85.714
2003-W18,2003,18,2003-04-28,2003-05-04,42.6,42.6,198.3,859.6,-0.211,0.25,0.2,22.786,28.429,25.029,85.0
2003-W19,2003,19,2003-05-05,2003-05-11,50.1,50.1,192.9,869.1,-0.097,0.254,0.173,22.5,26.857,24.343,87.571
2003-W20,2003,20,2003-05-12,2003-05-18,52.1,52.1,174.8,721.5,-0.342,0.217,0.189,22.314,27.129,24.2,88.429
2003-W21,2003,21,2003-05-19,2003-05-25,13.2,13.2,158.0,678.2,-0.3,0.075,0.198,22.443,27.1,24.3,87.143
2003-W22,2003,22,2003-05-26,2003-06-01,43.6,43.6,159.0,651.1,-0.196,0.036,0.24,22.157,26.914,24.014,87.429
2003-W23,2003,23,2003-06-02,2003-06-08,30.5,30.5,139.4,616.1,-0.084,0.025,0.237,21.157,26.7,23.4,85.571
2003-W24,2003,24,2003-06-09,2003-06-15,19.4,19.4,106.7,484.8,-0.285,0.03,0.213,20.3,25.671,22.5,84.857
2003-W25,2003,25,2003-06-16,2003-06-22,20.8,20.8,114.3,463.1,-0.19,0.006,0.212,20.357,26.0,22.6,86.286
2003-W26,2003,26,2003-06-23,2003-06-29,39.1,39.1,109.8,484.1,-0.024,-0.021,0.251,20.429,25.914,22.486,87.571
2003-W27,2003,27,2003-06-30,2003-07-06,35.0,35.0,114.3,502.1,0.19,-0.03,0.289,21.043,26.386,23.057,86.143
2003-W28,2003,28,2003-07-07,2003-07-13,30.9,30.9,125.8,477.5,0.23,-0.069,0.299,20.729,25.886,22.686,86.571
2003-W29,2003,29,2003-07-14,2003-07-20,2.2,2.2,107.2,409.5,0.214,-0.185,0.29,20.186,26.671,22.629,81.714
2003-W30,2003,30,2003-07-21,2003-07-27,8.8,8.8,76.9,388.3,0.286,-0.139,0.268,20.157,27.229,22.7,81.429
2003-W31,2003,31,2003-07-28,2003-08-03,26.6,26.6,68.5,372.3,0.352,-0.067,0.263,20.157,26.614,22.586,83.286
2003-W32,2003,32,2003-08-04,2003-08-10,23.0,23.0,60.6,345.2,0.382,0.019,0.282,20.957,26.657,23.043,83.143
2003-W33,2003,33,2003-08-11,2003-08-17,46.3,46.3,104.7,339.4,0.459,-0.116,0.322,20.629,26.971,22.9,85.143
2003-W34,2003,34,2003-08-18,2003-08-24,6.1,6.1,102.0,332.3,0.515,-0.059,0.319,21.414,27.2,23.514,82.571
2003-W35,2003,35,2003-08-25,2003-08-31,8.0,8.0,83.4,296.7,0.455,-0.021,0.325,20.586,26.957,22.786,82.143
2003-W36,2003,36,2003-09-01,2003-09-07,12.2,12.2,72.6,278.4,0.433,0.031,0.303,20.486,27.5,22.914,82.0
2003-W37,2003,37,2003-09-08,2003-09-14,13.2,13.2,39.5,272.2,0.44,-0.082,0.308,20.257,27.429,22.757,81.714
2003-W38,2003,38,2003-09-15,2003-09-21,20.8,20.8,54.2,272.2,0.487,0.006,0.31,19.671,26.714,22.157,82.429
2003-W39,2003,39,2003-09-22,2003-09-28,6.6,6.6,52.8,239.7,0.414,0.08,0.281,20.257,27.643,22.871,81.286
2003-W40,2003,40,2003-09-29,2003-10-05,19.4,19.4,60.0,224.1,0.391,0.213,0.27,20.143,26.814,22.429,83.429
2003-W41,2003,41,2003-10-06,2003-10-12,1.9,1.9,48.7,195.1,0.312,0.21,0.243,20.557,26.757,22.757,81.714
2003-W42,2003,42,2003-10-13,2003-10-19,25.4,25.4,53.3,218.3,0.427,0.261,0.245,21.314,27.3,23.471,83.429
2003-W43,2003,43,2003-10-20,2003-10-26,19.4,19.4,66.1,228.9,0.487,0.337,0.231,21.857,27.7,23.957,83.143
2003-W44,2003,44,2003-10-27,2003-11-02,0.4,0.4,47.1,202.7,0.386,0.34,0.229,21.6,27.957,24.0,80.143
2003-W45,2003,45,2003-11-03,2003-11-09,1.1,1.1,46.3,180.8,0.31,0.333,0.221,21.4,27.986,23.871,78.857
2003-W46,2003,46,2003-11-10,2003-11-16,11.2,11.2,32.1,145.7,0.114,0.315,0.185,21.643,27.457,23.829,81.143
2003-W47,2003,47,2003-11-17,2003-11-23,15.7,15.7,28.4,155.3,0.174,0.369,0.116,21.371,27.586,23.629,82.286
2003-W48,2003,48,2003-11-24,2003-11-30,21.9,21.9,49.9,169.2,0.293,0.368,0.086,21.514,27.357,23.7,83.143
2003-W49,2003,49,2003-12-01,2003-12-07,0.0,0.0,48.8,157.0,0.222,0.336,0.064,21.686,28.343,24.286,80.143
2003-W50,2003,50,2003-12-08,2003-12-14,4.5,4.5,42.1,148.3,0.155,0.312,0.062,22.129,28.2,24.457,80.0
2003-W51,2003,51,2003-12-15,2003-12-21,83.4,83.4,109.8,210.9,0.504,0.469,0.115,22.143,27.686,24.071,87.857
2003-W52,2003,52,2003-12-22,2003-12-28,68.0,68.0,155.9,272.3,0.707,0.511,0.121,22.771,27.657,24.6,88.571
2004-W01,2004,1,2003-12-29,2004-01-04,15.2,15.2,171.1,268.1,0.554,0.437,0.087,22.786,27.657,24.586,86.0
2004-W02,2004,2,2004-01-05,2004-01-11,52.8,52.8,219.4,319.0,0.622,0.427,0.069,23.214,27.471,24.729,88.143
2004-W03,2004,3,2004-01-12,2004-01-18,2.6,2.6,138.6,296.2,0.259,0.294,-0.057,23.086,29.414,25.557,80.857
2004-W04,2004,4,2004-01-19,2004-01-25,2.8,2.8,73.4,279.6,-0.086,0.12,-0.104,22.7,28.886,25.071,79.286
2004-W05,2004,5,2004-01-26,2004-02-01,4.6,4.6,62.8,283.8,-0.394,-0.14,-0.153,22.457,27.9,24.6,79.714
2004-W06,2004,6,2004-02-02,2004-02-08,73.6,73.6,83.6,356.3,-0.361,-0.189,-0.106,22.586,27.786,24.486,86.0
2004-W07,2004,7,2004-02-09,2004-02-15,156.7,156.7,237.7,501.8,-0.096,-0.113,-0.166,22.943,27.5,24.657,89.714
2004-W08,2004,8,2004-02-16,2004-02-22,121.5,121.5,356.4,607.6,-0.009,-0.023,-0.098,23.343,27.714,25.086,90.0
2004-W09,2004,9,2004-02-23,2004-02-29,56.6,56.6,408.4,642.3,-0.162,-0.097,-0.121,23.714,28.6,25.557,85.857
2004-W10,2004,10,2004-03-01,2004-03-07,106.8,106.8,441.6,749.1,-0.114,-0.088,-0.078,22.557,27.843,24.571,87.571
2004-W11,2004,11,2004-03-08,2004-03-14,75.0,75.0,359.9,819.6,-0.097,-0.091,-0.165,22.743,28.629,25.0,86.429
2004-W12,2004,12,2004-03-15,2004-03-21,65.9,65.9,304.3,802.1,-0.304,-0.12,-0.149,23.357,28.143,25.157,87.286
2004-W13,2004,13,2004-03-22,2004-03-28,74.1,74.1,321.8,808.2,-0.387,-0.082,-0.08,23.343,28.343,25.314,87.0
2004-W14,2004,14,2004-03-29,2004-04-04,83.3,83.3,298.3,876.3,-0.248,-0.072,0.002,23.686,29.271,25.786,87.0
2004-W15,2004,15,2004-04-05,2004-04-11,45.8,45.8,269.1,869.3,-0.315,-0.071,-0.004,23.286,29.071,25.357,84.857
2004-W16,2004,16,2004-04-12,2004-04-18,42.7,42.7,245.9,909.4,-0.227,-0.137,-0.029,23.5,29.314,25.786,83.286
2004-W17,2004,17,2004-04-19,2004-04-25,72.7,72.7,244.5,979.3,-0.008,-0.111,0.02,23.414,28.1,25.043,87.857
2004-W18,2004,18,2004-04-26,2004-05-02,37.1,37.1,198.3,1011.8,0.147,-0.112,0.011,22.986,28.286,24.7,85.286
2004-W19,2004,19,2004-05-03,2004-05-09,41.3,41.3,193.8,979.5,0.162,-0.103,0.001,22.886,28.257,24.871,86.429
2004-W20,2004,20,2004-05-10,2004-05-16,35.1,35.1,186.2,857.9,0.005,-0.1,-0.012,22.843,28.243,24.786,85.429
2004-W21,2004,21,2004-05-17,2004-05-23,62.1,62.1,175.6,798.5,0.004,-0.063,0.042,21.9,26.586,23.729,89.143
2004-W22,2004,22,2004-05-24,2004-05-30,76.4,76.4,214.9,818.3,0.21,-0.002,0.08,22.029,26.514,23.714,88.571
2004-W23,2004,23,2004-05-31,2004-06-06,49.9,49.9,223.5,761.4,0.266,0.05,0.099,21.314,26.771,23.4,86.143
2004-W24,2004,24,2004-06-07,2004-06-13,10.6,10.6,199.0,697.0,0.271,0.044,0.088,21.171,26.829,23.186,83.286
2004-W25,2004,25,2004-06-14,2004-06-20,3.2,3.2,140.1,634.3,0.263,-0.087,0.065,20.443,27.129,22.857,81.714
2004-W26,2004,26,2004-06-21,2004-06-27,9.7,9.7,73.4,569.9,0.209,-0.173,0.036,20.2,26.171,22.286,82.429
2004-W27,2004,27,2004-06-28,2004-07-04,21.1,21.1,44.6,507.7,0.206,-0.108,0.025,20.471,26.129,22.586,85.143
2004-W28,2004,28,2004-07-05,2004-07-11,17.5,17.5,51.5,479.4,0.235,-0.136,0.008,20.414,25.857,22.443,84.857
2004-W29,2004,29,2004-07-12,2004-07-18,27.3,27.3,75.6,464.0,0.361,-0.032,0.036,20.086,25.243,22.029,85.286
2004-W30,2004,30,2004-07-19,2004-07-25,27.4,27.4,93.3,418.7,0.369,0.091,0.055,20.214,26.286,22.486,84.714
2004-W31,2004,31,2004-07-26,2004-08-01,8.9,8.9,81.1,390.5,0.404,0.206,0.037,20.529,26.886,22.814,82.429
2004-W32,2004,32,2004-08-02,2004-08-08,1.8,1.8,65.4,351.0,0.399,0.206,0.014,20.571,27.214,22.9,80.0
2004-W33,2004,33,2004-08-09,2004-08-15,1.6,1.6,39.7,317.5,0.394,0.083,-0.037,20.157,27.757,22.829,77.143
2004-W34,2004,34,2004-08-16,2004-08-22,5.2,5.2,17.5,260.6,0.282,0.026,-0.037,20.614,27.529,23.1,78.429
2004-W35,2004,35,2004-08-23,2004-08-29,11.8,11.8,20.4,196.0,0.081,0.094,-0.033,19.557,26.843,22.286,79.571
2004-W36,2004,36,2004-08-30,2004-09-05,44.3,44.3,62.9,190.4,0.106,0.128,-0.017,19.471,26.729,22.029,82.714
2004-W37,2004,37,2004-09-06,2004-09-12,26.5,26.5,87.8,206.3,0.201,0.175,-0.003,20.229,26.543,22.514,83.571
2004-W38,2004,38,2004-09-13,2004-09-19,20.6,20.6,103.2,223.7,0.321,0.217,-0.002,20.843,27.557,23.257,82.0
2004-W39,2004,39,2004-09-20,2004-09-26,8.1,8.1,99.5,222.1,0.351,0.198,-0.003,21.443,28.329,23.829,79.714
2004-W40,2004,40,2004-09-27,2004-10-03,10.4,10.4,65.6,211.4,0.344,0.2,-0.011,20.871,27.671,23.243,80.429
2004-W41,2004,41,2004-10-04,2004-10-10,28.6,28.6,67.7,222.5,0.42,0.262,0.017,20.829,27.329,23.257,83.571
2004-W42,2004,42,2004-10-11,2004-10-17,2.2,2.2,49.3,197.4,0.342,0.319,-0.007,21.029,27.943,23.529,78.857
2004-W43,2004,43,2004-10-18,2004-10-24,5.7,5.7,46.9,175.7,0.253,0.297,-0.021,20.857,27.486,23.371,79.857
2004-W44,2004,44,2004-10-25,2004-10-31,1.9,1.9,38.4,168.7,0.222,0.311,-0.021,21.514,28.057,24.0,78.0
2004-W45,2004,45,2004-11-01,2004-11-07,4.8,4.8,14.6,171.7,0.264,0.327,-0.018,21.714,28.529,24.086,77.0
2004-W46,2004,46,2004-11-08,2004-11-14,0.8,0.8,13.2,170.9,0.261,0.321,-0.028,22.3,29.057,24.829,75.286
2004-W47,2004,47,2004-11-15,2004-11-21,4.0,4.0,11.5,169.7,0.258,0.245,-0.041,21.4,29.586,24.3,74.571
2004-W48,2004,48,2004-11-22,2004-11-28,4.6,4.6,14.2,162.5,0.254,0.113,-0.058,21.643,29.014,24.314,75.286
2004-W49,2004,49,2004-11-29,2004-12-05,12.7,12.7,22.1,130.9,0.046,0.044,-0.042,21.843,29.557,24.557,76.143
2004-W50,2004,50,2004-12-06,2004-12-12,7.5,7.5,28.8,111.9,-0.121,0.039,-0.041,21.729,29.486,24.514,76.714
2004-W51,2004,51,2004-12-13,2004-12-19,10.4,10.4,35.2,101.7,-0.243,0.065,-0.126,22.343,29.043,24.829,77.286
2004-W52,2004,52,2004-12-20,2004-12-26,1.3,1.3,31.9,94.9,-0.393,0.013,-0.203,23.357,31.029,26.214,72.714
2004-W53,2004,53,2004-12-27,2005-01-02,0.9,0.9,20.1,85.4,,,,23.2,30.9,26.086,70.143
2005-W01,2005,1,2005-01-03,2005-01-09,32.5,32.5,45.1,89.3,-0.606,-0.059,-0.218,23.071,29.929,25.471,79.714
2005-W02,2005,2,2005-01-10,2005-01-16,21.4,21.4,56.1,108.5,-0.616,-0.173,-0.197,23.514,29.086,25.686,83.286
2005-W03,2005,3,2005-01-17,2005-01-23,2.9,2.9,57.7,105.7,-0.906,-0.429,-0.197,23.671,30.8,26.514,76.0
2005-W04,2005,4,2005-01-24,2005-01-30,7.4,7.4,64.2,111.2,-1.159,-0.631,-0.203,23.557,29.886,25.943,77.857
2005-W05,2005,5,2005-01-31,2005-02-06,30.3,30.3,62.0,136.7,-1.321,-0.747,-0.252,23.057,27.786,24.671,85.429
2005-W06,2005,6,2005-02-07,2005-02-13,27.8,27.8,68.4,163.7,-1.451,-0.869,-0.404,23.243,28.329,24.971,85.429
2005-W07,2005,7,2005-02-14,2005-02-20,39.0,39.0,104.5,198.7,-1.575,-1.012,-0.529,23.243,28.3,25.071,85.143
2005-W08,2005,8,2005-02-21,2005-02-27,16.9,16.9,114.0,211.0,-1.86,-1.27,-0.599,23.443,29.514,25.686,81.571
2005-W09,2005,9,2005-02-28,2005-03-06,58.6,58.6,142.3,256.9,-1.859,-1.439,-0.682,23.229,28.171,25.071,85.571
2005-W10,2005,10,2005-03-07,2005-03-13,87.7,87.7,202.2,337.1,-1.734,-1.458,-0.678,23.157,28.529,25.271,86.571
2005-W11,2005,11,2005-03-14,2005-03-20,28.9,28.9,192.1,355.6,-1.824,-1.548,-0.729,23.357,28.914,25.543,84.571
2005-W12,2005,12,2005-03-21,2005-03-27,49.2,49.2,224.4,403.5,-1.741,-1.53,-0.782,23.0,28.443,25.1,84.429
2005-W13,2005,13,2005-03-28,2005-04-03,33.3,33.3,199.1,435.9,-1.72,-1.557,-0.859,23.529,28.2,25.343,85.0
2005-W14,2005,14,2005-04-04,2005-04-10,83.5,83.5,194.9,486.9,-1.532,-1.487,-0.793,22.786,28.143,24.829,87.429
2005-W15,2005,15,2005-04-11,2005-04-17,98.6,98.6,264.6,564.1,-1.271,-1.257,-0.692,23.5,28.914,25.5,88.286
2005-W16,2005,16,2005-04-18,2005-04-24,122.1,122.1,337.5,683.3,-0.888,-1.035,-0.603,24.071,28.7,25.843,88.0
2005-W17,2005,17,2005-04-25,2005-05-01,24.5,24.5,328.7,700.4,-0.76,-1.035,-0.616,24.171,29.114,26.086,85.571
2005-W18,2005,18,2005-05-02,2005-05-08,8.3,8.3,253.5,678.4,-0.7,-1.078,-0.661,23.171,28.586,25.343,82.571
2005-W19,2005,19,2005-05-09,2005-05-15,33.2,33.2,188.1,683.8,-0.588,-1.062,-0.662,22.614,28.386,24.8,85.571
2005-W20,2005,20,2005-05-16,2005-05-22,0.2,0.2,66.2,645.0,-0.557,-1.086,-0.736,22.614,28.386,24.886,82.286
2005-W21,2005,21,2005-05-23,2005-05-29,0.6,0.6,42.3,628.7,-0.435,-1.127,-0.842,21.071,28.443,23.9,79.143
2005-W22,2005,22,2005-05-30,2005-06-05,42.7,42.7,76.7,612.8,-0.298,-1.081,-0.853,21.386,27.843,23.743,83.0
2005-W23,2005,23,2005-06-06,2005-06-12,22.5,22.5,66.0,547.6,-0.268,-1.062,-0.829,21.157,27.614,23.6,83.143
2005-W24,2005,24,2005-06-13,2005-06-19,16.7,16.7,82.5,535.4,-0.139,-1.081,-0.811,20.514,27.471,23.043,82.429
2005-W25,2005,25,2005-06-20,2005-06-26,20.7,20.7,102.6,506.9,-0.065,-1.043,-0.796,20.629,27.1,23.0,84.143
2005-W26,2005,26,2005-06-27,2005-07-03,47.0,47.0,106.9,520.6,0.078,-0.949,-0.758,20.429,27.157,22.9,85.714
2005-W27,2005,27,2005-07-04,2005-07-10,3.7,3.7,88.1,440.8,0.015,-0.954,-0.778,20.957,27.914,23.457,80.857
2005-W28,2005,28,2005-07-11,2005-07-17,1.2,1.2,72.6,343.4,-0.189,-0.956,-0.817,20.614,27.286,23.014,80.143
2005-W29,2005,29,2005-07-18,2005-07-24,13.3,13.3,65.2,234.6,-0.372,-0.878,-0.834,20.243,27.514,22.814,80.429
2005-W30,2005,30,2005-07-25,2005-07-31,1.6,1.6,19.8,211.7,-0.311,-0.787,-0.844,20.857,28.357,23.471,78.571
2005-W31,2005,31,2005-08-01,2005-08-07,5.7,5.7,21.8,209.1,-0.218,-0.709,-0.838,21.286,29.014,23.9,78.0
2005-W32,2005,32,2005-08-08,2005-08-14,17.6,17.6,38.2,193.5,-0.156,-0.603,-0.816,21.186,27.443,23.414,80.571
2005-W33,2005,33,2005-08-15,2005-08-21,10.1,10.1,35.0,203.4,-0.007,-0.529,-0.81,20.843,27.271,23.043,80.429
2005-W34,2005,34,2005-08-22,2005-08-28,11.5,11.5,44.9,214.3,0.107,-0.374,-0.812,19.943,26.743,22.214,81.286
2005-W35,2005,35,2005-08-29,2005-09-04,12.0,12.0,51.2,183.6,0.026,-0.304,-0.861,20.014,27.486,22.543,80.143
2005-W36,2005,36,2005-09-05,2005-09-11,15.2,15.2,48.8,176.3,0.045,-0.288,-0.89,20.043,28.7,22.971,79.714
2005-W37,2005,37,2005-09-12,2005-09-18,3.3,3.3,42.0,162.9,0.013,-0.194,-0.917,20.814,28.629,23.529,77.429
2005-W38,2005,38,2005-09-19,2005-09-25,3.8,3.8,34.3,146.0,-0.008,-0.15,-0.924,20.543,27.286,22.9,78.0
2005-W39,2005,39,2005-09-26,2005-10-02,1.1,1.1,23.4,100.1,-0.224,-0.116,-0.94,20.657,28.371,23.414,77.286
2005-W40,2005,40,2005-10-03,2005-10-09,13.0,13.0,21.2,109.4,-0.132,-0.122,-0.964,20.743,26.4,22.743,81.143
2005-W41,2005,41,2005-10-10,2005-10-16,10.6,10.6,28.5,118.8,-0.059,-0.219,-0.952,20.314,27.843,23.014,79.143
2005-W42,2005,42,2005-10-17,2005-10-23,0.9,0.9,25.6,106.4,-0.13,-0.347,-0.957,20.329,28.3,23.186,75.0
2005-W43,2005,43,2005-10-24,2005-10-30,6.8,6.8,31.3,111.6,-0.105,-0.283,-0.945,20.214,27.329,22.757,77.0
2005-W44,2005,44,2005-10-31,2005-11-06,24.1,24.1,42.4,130.0,0.007,-0.169,-0.919,20.457,27.671,22.971,81.857
2005-W45,2005,45,2005-11-07,2005-11-13,58.7,58.7,90.5,171.1,0.261,-0.013,-0.838,20.5,26.9,22.743,83.857
2005-W46,2005,46,2005-11-14,2005-11-20,0.1,0.1,89.7,161.1,0.206,0.045,-0.841,21.686,27.2,23.771,81.714
2005-W47,2005,47,2005-11-21,2005-11-27,0.0,0.0,82.9,149.6,0.139,0.086,-0.847,20.129,28.586,23.471,76.714
2005-W48,2005,48,2005-11-28,2005-12-04,0.8,0.8,59.6,138.4,0.105,0.014,-0.861,20.514,29.271,23.814,74.429
2005-W49,2005,49,2005-12-05,2005-12-11,1.3,1.3,2.2,124.5,-0.001,-0.016,-0.866,21.1,29.214,24.029,74.571
2005-W50,2005,50,2005-12-12,2005-12-18,5.0,5.0,7.1,126.2,-0.006,-0.05,-0.884,22.029,30.043,24.943,73.714
2005-W51,2005,51,2005-12-19,2005-12-25,29.2,29.2,36.3,151.6,0.144,-0.019,-0.846,22.7,28.229,24.871,80.429
2005-W52,2005,52,2005-12-26,2006-01-01,44.3,44.3,79.8,194.8,0.316,-0.056,-0.781,22.171,28.2,24.357,83.143
2006-W01,2006,1,2006-01-02,2006-01-08,9.9,9.9,88.4,191.7,0.157,-0.094,-0.799,22.443,28.5,24.829,81.143
2006-W02,2006,2,2006-01-09,2006-01-15,21.6,21.6,105.0,202.7,0.05,-0.12,-0.813,22.657,27.886,24.6,82.714
2006-W03,2006,3,2006-01-16,2006-01-22,29.1,29.1,104.9,230.9,-0.057,-0.226,-0.769,22.114,27.571,24.186,83.286
2006-W04,2006,4,2006-01-23,2006-01-29,34.3,34.3,94.9,258.4,-0.19,-0.297,-0.737,23.029,28.029,25.0,86.714
2006-W05,2006,5,2006-01-30,2006-02-05,152.1,152.1,237.1,386.4,0.063,-0.054,-0.562,22.886,26.957,24.429,89.857
2006-W06,2006,6,2006-02-06,2006-02-12,87.5,87.5,303.0,415.2,-0.115,-0.052,-0.465,23.657,28.643,25.314,88.143
2006-W07,2006,7,2006-02-13,2006-02-19,97.5,97.5,371.4,512.6,-0.056,-0.044,-0.402,23.543,27.8,25.2,89.571
2006-W08,2006,8,2006-02-20,2006-02-26,127.8,127.8,464.9,640.4,0.1,0.045,-0.271,23.586,27.757,24.929,90.0
2006-W09,2006,9,2006-02-27,2006-03-05,134.5,134.5,447.3,774.1,0.247,0.146,-0.183,23.3,28.171,25.1,89.429
2006-W10,2006,10,2006-03-06,2006-03-12,105.1,105.1,464.9,877.9,0.26,0.135,-0.17,23.371,27.886,25.186,88.429
2006-W11,2006,11,2006-03-13,2006-03-19,17.3,17.3,384.7,890.2,0.1,0.017,-0.178,23.814,29.543,26.029,82.857
2006-W12,2006,12,2006-03-20,2006-03-26,46.0,46.0,302.9,907.0,-0.013,-0.021,-0.196,23.371,29.057,25.529,84.286
2006-W13,2006,13,2006-03-27,2006-04-02,43.2,43.2,211.6,905.9,-0.112,-0.04,-0.183,23.4,29.271,25.643,84.0
2006-W14,2006,14,2006-04-03,2006-04-09,7.2,7.2,113.7,903.2,-0.176,-0.172,-0.277,23.143,29.243,25.471,80.857
2006-W15,2006,15,2006-04-10,2006-04-16,5.7,5.7,102.1,887.3,-0.266,-0.265,-0.388,22.771,29.286,25.386,79.286
2006-W16,2006,16,2006-04-17,2006-04-23,24.4,24.4,80.5,882.6,-0.299,-0.315,-0.505,22.471,28.814,24.843,81.429
2006-W17,2006,17,2006-04-24,2006-04-30,29.5,29.5,66.8,877.8,-0.262,-0.339,-0.494,22.829,28.157,24.857,85.429
2006-W18,2006,18,2006-05-01,2006-05-07,18.9,18.9,78.5,744.6,-0.512,-0.41,-0.479,22.829,28.171,24.914,85.286
2006-W19,2006,19,2006-05-08,2006-05-14,23.4,23.4,96.2,680.5,-0.598,-0.538,-0.491,22.629,28.371,24.857,84.429
2006-W20,2006,20,2006-05-15,2006-05-21,1.0,1.0,72.8,584.0,-0.741,-0.562,-0.478,22.257,28.557,24.614,79.714
2006-W21,2006,21,2006-05-22,2006-05-28,39.7,39.7,83.0,495.9,-0.84,-0.523,-0.424,21.629,27.386,23.7,85.143
2006-W22,2006,22,2006-05-29,2006-06-04,31.6,31.6,95.7,393.0,-0.994,-0.491,-0.437,21.429,27.171,23.6,85.0
2006-W23,2006,23,2006-06-05,2006-06-11,33.5,33.5,105.8,321.4,-1.024,-0.452,-0.421,21.443,27.014,23.557,85.714
2006-W24,2006,24,2006-06-12,2006-06-18,30.0,30.0,134.8,334.1,-0.793,-0.432,-0.406,21.257,26.9,23.271,85.0
2006-W25,2006,25,2006-06-19,2006-06-25,34.4,34.4,129.5,322.5,-0.66,-0.429,-0.391,21.057,27.471,23.443,84.571
2006-W26,2006,26,2006-06-26,2006-07-02,2.9,2.9,100.8,282.2,-0.715,-0.499,-0.445,20.757,28.314,23.414,80.714
2006-W27,2006,27,2006-07-03,2006-07-09,2.8,2.8,70.1,277.8,-0.552,-0.456,-0.445,21.286,28.214,23.743,80.429
2006-W28,2006,28,2006-07-10,2006-07-16,13.3,13.3,53.4,285.4,-0.406,-0.437,-0.43,21.029,28.029,23.529,79.0
2006-W29,2006,29,2006-07-17,2006-07-23,11.6,11.6,30.6,272.6,-0.224,-0.409,-0.43,21.186,27.814,23.5,79.857
2006-W30,2006,30,2006-07-24,2006-07-30,61.1,61.1,88.8,304.2,0.032,-0.268,-0.355,20.843,26.343,22.814,87.143
2006-W31,2006,31,2006-07-31,2006-08-06,4.8,4.8,90.8,290.1,0.093,-0.417,-0.356,21.271,27.557,23.371,82.0
2006-W32,2006,32,2006-08-07,2006-08-13,14.2,14.2,91.7,280.9,0.179,-0.434,-0.36,21.1,28.071,23.643,82.143
2006-W33,2006,33,2006-08-14,2006-08-20,17.7,17.7,97.8,297.6,0.332,-0.46,-0.352,21.043,27.843,23.4,81.429
2006-W34,2006,34,2006-08-21,2006-08-27,50.3,50.3,87.0,308.2,0.441,-0.454,-0.305,20.886,26.786,22.986,85.143
2006-W35,2006,35,2006-08-28,2006-09-03,32.4,32.4,114.6,309.0,0.495,-0.5,-0.28,21.214,27.914,23.586,84.571
2006-W36,2006,36,2006-09-04,2006-09-10,27.8,27.8,128.2,303.3,0.513,-0.497,-0.282,20.829,26.943,23.043,84.714
2006-W37,2006,37,2006-09-11,2006-09-17,94.2,94.2,204.7,367.5,0.726,-0.187,-0.176,20.286,26.943,22.5,88.143
2006-W38,2006,38,2006-09-18,2006-09-24,28.6,28.6,183.0,361.7,0.749,-0.089,-0.146,21.143,27.829,23.543,83.857
2006-W39,2006,39,2006-09-25,2006-10-01,26.6,26.6,177.2,385.4,0.843,-0.024,-0.119,21.1,28.086,23.529,82.286
2006-W40,2006,40,2006-10-02,2006-10-08,32.7,32.7,182.1,415.3,0.949,0.154,-0.095,21.2,27.714,23.557,84.857
2006-W41,2006,41,2006-10-09,2006-10-15,16.8,16.8,104.7,418.8,1.015,0.267,-0.09,21.6,28.143,23.986,83.857
2006-W42,2006,42,2006-10-16,2006-10-22,0.0,0.0,76.1,407.2,1.03,0.35,-0.089,20.843,28.929,24.043,78.143
2006-W43,2006,43,2006-10-23,2006-10-29,6.1,6.1,55.6,352.2,0.915,0.403,-0.088,21.886,28.486,24.157,79.143
2006-W44,2006,44,2006-10-30,2006-11-05,11.0,11.0,33.9,358.4,0.962,0.469,-0.105,21.514,28.529,24.157,80.0
2006-W45,2006,45,2006-11-06,2006-11-12,2.9,2.9,20.0,347.1,0.975,0.516,-0.171,21.314,28.314,23.829,79.571
2006-W46,2006,46,2006-11-13,2006-11-19,2.4,2.4,22.4,331.8,0.965,0.583,-0.166,21.671,28.929,24.271,77.429
2006-W47,2006,47,2006-11-20,2006-11-26,23.3,23.3,39.6,304.8,0.884,0.611,-0.14,21.971,28.971,24.586,78.429
2006-W48,2006,48,2006-11-27,2006-12-03,24.2,24.2,52.8,296.6,0.89,0.646,-0.11,22.329,28.443,24.629,83.286
2006-W49,2006,49,2006-12-04,2006-12-10,7.7,7.7,57.6,276.5,0.843,0.639,-0.101,22.714,29.457,24.929,81.286
2006-W50,2006,50,2006-12-11,2006-12-17,1.9,1.9,57.1,184.2,0.384,0.604,-0.107,22.229,29.543,25.0,77.429
2006-W51,2006,51,2006-12-18,2006-12-24,67.7,67.7,101.5,223.3,0.571,0.685,-0.066,22.6,28.214,24.686,83.429
2006-W52,2006,52,2006-12-25,2006-12-31,72.2,72.2,149.5,268.9,0.692,0.799,-0.034,23.286,29.057,25.371,84.857
2007-W01,2007,1,2007-01-01,2007-01-07,60.0,60.0,201.8,296.2,0.681,0.896,0.051,23.286,28.243,25.086,86.857
2007-W02,2007,2,2007-01-08,2007-01-14,31.1,31.1,231.0,310.5,0.585,0.894,0.067,23.586,28.3,25.3,86.571
2007-W03,2007,3,2007-01-15,2007-01-21,45.1,45.1,208.4,355.6,0.508,0.85,0.082,23.657,28.671,25.357,86.286
2007-W04,2007,4,2007-01-22,2007-01-28,65.1,65.1,201.3,414.6,0.473,0.727,0.106,23.329,28.329,25.043,88.0
2007-W05,2007,5,2007-01-29,2007-02-04,49.7,49.7,191.0,453.3,0.318,0.656,-0.001,23.843,29.186,25.686,86.429
2007-W06,2007,6,2007-02-05,2007-02-11,61.2,61.2,221.1,511.6,0.242,0.594,-0.027,23.6,28.129,25.271,87.0
2007-W07,2007,7,2007-02-12,2007-02-18,36.2,36.2,212.2,545.4,0.059,0.442,-0.106,23.7,29.4,25.871,84.143
2007-W08,2007,8,2007-02-19,2007-02-25,13.0,13.0,160.1,535.1,-0.264,0.167,-0.257,23.471,29.286,25.571,81.571
2007-W09,2007,9,2007-02-26,2007-03-04,40.6,40.6,151.0,551.5,-0.478,-0.007,-0.388,22.743,28.714,24.971,83.714
2007-W10,2007,10,2007-03-05,2007-03-11,201.1,201.1,290.9,744.9,-0.127,0.177,-0.272,23.143,27.6,24.586,89.714
2007-W11,2007,11,2007-03-12,2007-03-18,36.9,36.9,291.6,779.9,-0.213,-0.099,-0.241,23.457,29.071,25.614,84.429
2007-W12,2007,12,2007-03-19,2007-03-25,25.3,25.3,303.9,737.5,-0.497,-0.236,-0.281,23.229,28.8,25.257,84.714
2007-W13,2007,13,2007-03-26,2007-04-01,31.6,31.6,294.9,696.9,-0.731,-0.331,-0.296,23.314,28.957,25.543,84.0
2007-W14,2007,14,2007-04-02,2007-04-08,52.4,52.4,146.2,689.3,-0.801,-0.406,-0.234,23.3,29.643,25.7,83.571
2007-W15,2007,15,2007-04-09,2007-04-15,45.9,45.9,155.2,704.1,-0.797,-0.422,-0.175,22.971,28.586,25.157,85.571
2007-W16,2007,16,2007-04-16,2007-04-22,88.8,88.8,218.7,747.8,-0.686,-0.335,-0.088,22.871,27.543,24.571,88.714
2007-W17,2007,17,2007-04-23,2007-04-29,22.6,22.6,209.7,705.3,-0.745,-0.37,-0.095,22.943,28.486,25.057,84.429
2007-W18,2007,18,2007-04-30,2007-05-06,39.9,39.9,197.2,695.5,-0.65,-0.376,-0.073,23.114,27.814,24.914,86.714
2007-W19,2007,19,2007-05-07,2007-05-13,46.2,46.2,197.5,680.5,-0.598,-0.356,-0.046,22.471,28.357,24.757,85.571
2007-W20,2007,20,2007-05-14,2007-05-20,27.6,27.6,136.3,671.9,-0.479,-0.342,-0.01,21.986,28.271,24.329,84.143
2007-W21,2007,21,2007-05-21,2007-05-27,12.8,12.8,126.5,671.7,-0.317,-0.396,-0.04,22.371,26.914,24.1,84.714
2007-W22,2007,22,2007-05-28,2007-06-03,28.4,28.4,115.0,659.5,-0.174,-0.413,-0.042,21.714,26.371,23.529,86.286
2007-W23,2007,23,2007-06-04,2007-06-10,89.6,89.6,158.4,548.0,-0.267,-0.293,0.02,21.829,25.857,23.329,89.857
2007-W24,2007,24,2007-06-11,2007-06-17,45.0,45.0,175.8,556.1,-0.083,-0.242,0.034,21.443,26.543,23.414,88.429
2007-W25,2007,25,2007-06-18,2007-06-24,56.1,56.1,219.1,586.9,0.147,-0.268,0.054,20.843,26.1,22.843,88.286
2007-W26,2007,26,2007-06-25,2007-07-01,26.1,26.1,216.8,581.4,0.239,-0.341,0.083,20.257,26.943,22.686,83.143
2007-W27,2007,27,2007-07-02,2007-07-08,0.0,0.0,127.2,529.0,0.263,-0.389,0.084,20.429,26.471,22.543,82.143
2007-W28,2007,28,2007-07-09,2007-07-15,18.3,18.3,100.5,501.4,0.296,-0.379,0.087,20.1,26.671,22.514,81.286
2007-W29,2007,29,2007-07-16,2007-07-22,36.6,36.6,81.0,449.2,0.322,-0.333,0.114,20.571,25.814,22.529,85.0
2007-W30,2007,30,2007-07-23,2007-07-29,27.6,27.6,82.5,454.2,0.461,-0.308,0.077,21.2,26.957,23.386,83.857
2007-W31,2007,31,2007-07-30,2007-08-05,3.2,3.2,85.7,417.5,0.478,-0.273,0.076,19.986,26.843,22.5,81.143
2007-W32,2007,32,2007-08-06,2007-08-12,40.6,40.6,108.0,411.9,0.567,-0.191,0.105,19.9,26.571,22.371,84.143
2007-W33,2007,33,2007-08-13,2007-08-19,28.2,28.2,99.6,412.5,0.658,-0.074,0.115,20.529,26.086,22.614,85.0
2007-W34,2007,34,2007-08-20,2007-08-26,13.0,13.0,85.0,412.7,0.739,0.07,0.075,20.0,26.171,22.214,82.286
2007-W35,2007,35,2007-08-27,2007-09-02,19.9,19.9,101.7,404.2,0.77,0.176,0.062,19.614,26.071,21.986,83.0
2007-W36,2007,36,2007-09-03,2007-09-09,31.3,31.3,92.4,345.9,0.639,0.03,0.045,19.586,27.3,22.129,82.857
2007-W37,2007,37,2007-09-10,2007-09-16,22.1,22.1,86.3,323.0,0.599,0.135,-0.034,19.429,26.929,21.957,82.0
2007-W38,2007,38,2007-09-17,2007-09-23,27.2,27.2,100.5,294.1,0.556,0.254,-0.034,19.614,27.243,22.229,82.286
2007-W39,2007,39,2007-09-24,2007-09-30,9.3,9.3,89.9,277.3,0.538,0.308,-0.056,20.271,27.471,22.786,81.143
2007-W40,2007,40,2007-10-01,2007-10-07,16.5,16.5,75.1,293.8,0.621,0.373,-0.072,20.014,27.471,22.643,82.0
2007-W41,2007,41,2007-10-08,2007-10-14,15.7,15.7,68.7,291.2,0.657,0.415,-0.075,20.929,26.2,22.757,83.857
2007-W42,2007,42,2007-10-15,2007-10-21,6.6,6.6,48.1,261.2,0.588,0.4,-0.066,18.943,26.371,21.5,81.286
2007-W43,2007,43,2007-10-22,2007-10-28,1.7,1.7,40.5,235.3,0.512,0.456,-0.069,19.071,26.786,21.786,79.286
2007-W44,2007,44,2007-10-29,2007-11-04,0.0,0.0,24.0,232.1,0.512,0.471,-0.084,19.671,26.686,22.171,77.143
2007-W45,2007,45,2007-11-05,2007-11-11,25.7,25.7,34.0,217.2,0.482,0.517,-0.059,19.929,26.8,22.414,82.571
2007-W46,2007,46,2007-11-12,2007-11-18,19.4,19.4,46.8,208.4,0.455,0.568,-0.039,20.571,26.714,22.814,83.429
2007-W47,2007,47,2007-11-19,2007-11-25,11.7,11.7,56.8,207.1,0.457,0.623,-0.052,21.0,27.043,23.2,82.857
2007-W48,2007,48,2007-11-26,2007-12-02,11.3,11.3,68.1,198.5,0.451,0.641,-0.064,20.9,27.443,23.343,81.714
2007-W49,2007,49,2007-12-03,2007-12-09,0.1,0.1,42.5,167.3,0.286,0.506,-0.071,20.3,28.286,23.314,78.0
2007-W50,2007,50,2007-12-10,2007-12-16,12.7,12.7,35.8,157.9,0.22,0.453,-0.061,20.2,26.9,22.486,80.0
2007-W51,2007,51,2007-12-17,2007-12-23,0.4,0.4,24.5,131.1,-0.002,0.333,-0.14,21.471,28.2,24.0,78.0
2007-W52,2007,52,2007-12-24,2007-12-30,22.1,22.1,35.3,143.9,-0.002,0.298,-0.198,21.9,27.243,23.871,83.0
2008-W01,2008,1,2007-12-31,2008-01-06,41.7,41.7,76.9,169.1,0.019,0.366,-0.193,22.143,26.286,23.671,88.286
2008-W02,2008,2,2008-01-07,2008-01-13,35.7,35.7,99.9,189.1,-0.031,0.342,-0.189,22.514,27.443,24.286,85.857
2008-W03,2008,3,2008-01-14,2008-01-20,45.1,45.1,144.6,227.6,-0.075,0.227,-0.189,22.314,26.729,23.857,89.286
2008-W04,2008,4,2008-01-21,2008-01-27,40.5,40.5,163.0,266.4,-0.15,0.101,-0.229,22.657,26.271,24.129,89.143
2008-W05,2008,5,2008-01-28,2008-02-03,87.1,87.1,208.4,353.5,-0.073,0.133,-0.177,22.214,26.229,23.786,90.143
2008-W06,2008,6,2008-02-04,2008-02-10,31.5,31.5,204.2,359.3,-0.348,-0.079,-0.205,22.086,27.357,24.086,86.714
2008-W07,2008,7,2008-02-11,2008-02-17,163.0,163.0,322.1,502.9,-0.092,0.053,-0.062,22.629,27.371,24.386,89.857
2008-W08,2008,8,2008-02-18,2008-02-24,274.9,274.9,556.5,766.1,0.485,0.471,0.226,22.857,28.386,24.671,90.429
2008-W09,2008,9,2008-02-25,2008-03-02,87.3,87.3,556.7,842.1,0.44,0.43,0.275,23.1,28.229,24.957,88.857
2008-W10,2008,10,2008-03-03,2008-03-09,124.0,124.0,649.2,966.0,0.495,0.416,0.187,22.857,28.614,24.843,89.286
2008-W11,2008,11,2008-03-10,2008-03-16,97.4,97.4,583.6,1050.7,0.511,0.412,0.263,23.0,28.943,25.186,86.429
2008-W12,2008,12,2008-03-17,2008-03-23,113.7,113.7,422.4,1164.0,0.615,0.448,0.347,22.943,28.486,25.014,87.143
2008-W13,2008,13,2008-03-24,2008-03-30,60.9,60.9,396.0,1202.8,0.62,0.436,0.378,23.043,29.071,25.429,84.571
2008-W14,2008,14,2008-03-31,2008-04-06,39.2,39.2,311.2,1200.3,0.544,0.352,0.363,23.771,29.514,25.9,86.0
2008-W15,2008,15,2008-04-07,2008-04-13,14.1,14.1,227.9,1178.7,0.442,0.257,0.329,23.514,29.443,25.871,82.143
2008-W16,2008,16,2008-04-14,2008-04-20,53.0,53.0,167.2,1186.6,0.447,0.234,0.294,23.086,29.371,25.443,84.286
2008-W17,2008,17,2008-04-21,2008-04-27,35.2,35.2,141.5,1181.3,0.45,0.211,0.304,23.243,28.371,25.171,86.571
2008-W18,2008,18,2008-04-28,2008-05-04,50.6,50.6,152.9,1144.8,0.432,0.222,0.309,22.843,27.843,24.857,86.714
2008-W19,2008,19,2008-05-05,2008-05-11,26.1,26.1,164.9,1139.4,0.505,0.162,0.289,22.343,27.857,24.486,85.571
2008-W20,2008,20,2008-05-12,2008-05-18,47.5,47.5,159.4,1023.9,0.381,0.163,0.312,22.443,27.929,24.457,87.143
2008-W21,2008,21,2008-05-19,2008-05-25,67.6,67.6,191.8,816.6,0.047,0.208,0.364,22.171,26.757,23.914,89.286
2008-W22,2008,22,2008-05-26,2008-06-01,15.6,15.6,156.8,744.9,0.039,0.187,0.354,22.043,27.6,24.1,87.429
2008-W23,2008,23,2008-06-02,2008-06-08,18.3,18.3,149.0,639.2,-0.024,0.189,0.278,21.686,26.829,23.571,85.857
2008-W24,2008,24,2008-06-09,2008-06-15,40.6,40.6,142.1,582.4,-0.012,0.216,0.272,21.743,27.857,24.029,84.571
2008-W25,2008,25,2008-06-16,2008-06-22,51.0,51.0,125.5,519.7,-0.029,0.28,0.262,21.443,26.686,23.471,86.857
2008-W26,2008,26,2008-06-23,2008-06-29,33.6,33.6,143.5,492.4,-0.0,0.309,0.274,21.271,27.043,23.386,85.714
2008-W27,2008,27,2008-06-30,2008-07-06,24.8,24.8,150.0,478.0,0.123,0.341,0.305,21.257,26.8,23.214,85.857
2008-W28,2008,28,2008-07-07,2008-07-13,39.1,39.1,148.5,503.0,0.3,0.368,0.322,20.857,25.943,22.714,87.857
2008-W29,2008,29,2008-07-14,2008-07-20,34.0,34.0,131.5,484.0,0.411,0.421,0.32,21.271,26.657,23.329,86.571
2008-W30,2008,30,2008-07-21,2008-07-27,34.6,34.6,132.5,483.4,0.532,0.487,0.325,21.514,27.157,23.543,85.429
2008-W31,2008,31,2008-07-28,2008-08-03,15.1,15.1,122.8,447.9,0.558,0.486,0.337,21.157,26.586,23.129,84.857
2008-W32,2008,32,2008-08-04,2008-08-10,17.1,17.1,100.8,438.9,0.637,0.571,0.316,21.314,26.629,23.143,85.857
2008-W33,2008,33,2008-08-11,2008-08-17,34.6,34.6,101.4,426.0,0.692,0.514,0.321,21.557,26.286,23.343,86.429
2008-W34,2008,34,2008-08-18,2008-08-24,17.0,17.0,83.8,375.4,0.639,0.246,0.326,21.271,27.086,23.4,84.714
2008-W35,2008,35,2008-08-25,2008-08-31,11.6,11.6,80.3,371.4,0.68,0.261,0.318,20.343,26.643,22.657,82.857
2008-W36,2008,36,2008-09-01,2008-09-07,15.5,15.5,78.7,368.6,0.702,0.22,0.279,20.686,26.971,22.914,82.429
2008-W37,2008,37,2008-09-08,2008-09-14,35.4,35.4,79.5,363.4,0.715,0.244,0.292,20.843,28.329,23.443,81.714
2008-W38,2008,38,2008-09-15,2008-09-21,36.9,36.9,99.4,349.3,0.715,0.235,0.304,20.6,26.914,22.8,85.429
2008-W39,2008,39,2008-09-22,2008-09-28,29.6,29.6,117.4,345.3,0.737,0.274,0.321,20.714,27.057,23.0,84.143
2008-W40,2008,40,2008-09-29,2008-10-05,30.5,30.5,132.4,351.0,0.785,0.383,0.337,20.5,26.6,22.814,83.857
2008-W41,2008,41,2008-10-06,2008-10-12,17.0,17.0,114.0,328.9,0.772,0.478,0.337,20.429,27.329,23.014,81.571
2008-W42,2008,42,2008-10-13,2008-10-19,13.5,13.5,90.6,308.4,0.745,0.527,0.345,20.171,27.029,22.586,81.143
2008-W43,2008,43,2008-10-20,2008-10-26,24.8,24.8,85.8,298.6,0.743,0.598,0.367,20.714,27.171,23.129,84.143
2008-W44,2008,44,2008-10-27,2008-11-02,9.6,9.6,64.9,293.1,0.745,0.618,0.376,20.829,27.557,23.329,80.857
2008-W45,2008,45,2008-11-03,2008-11-09,5.8,5.8,53.7,281.8,0.746,0.665,0.357,21.157,27.086,23.371,83.0
2008-W46,2008,46,2008-11-10,2008-11-16,12.3,12.3,52.5,259.5,0.685,0.676,0.351,20.714,28.029,23.4,80.429
2008-W47,2008,47,2008-11-17,2008-11-23,2.7,2.7,30.4,245.2,0.636,0.624,0.341,20.314,27.9,23.229,77.286
2008-W48,2008,48,2008-11-24,2008-11-30,4.4,4.4,25.2,238.0,0.642,0.653,0.337,20.671,28.443,23.686,76.714
2008-W49,2008,49,2008-12-01,2008-12-07,0.1,0.1,19.5,222.6,0.591,0.661,0.337,21.557,28.929,24.257,76.429
2008-W50,2008,50,2008-12-08,2008-12-14,2.5,2.5,9.7,189.7,0.417,0.607,0.329,22.2,29.057,24.571,76.714
2008-W51,2008,51,2008-12-15,2008-12-21,0.0,0.0,7.0,152.8,0.153,0.512,0.327,22.329,30.229,25.3,72.286
2008-W52,2008,52,2008-12-22,2008-12-28,0.0,0.0,2.6,123.2,-0.154,0.413,0.304,22.2,29.514,25.129,71.571
2009-W01,2009,1,2008-12-29,2009-01-04,4.3,4.3,6.8,97.0,-0.531,0.328,0.302,22.786,29.014,25.0,72.571
2009-W02,2009,2,2009-01-05,2009-01-11,37.3,37.3,41.6,117.3,-0.539,0.253,0.314,22.671,28.7,24.871,80.714
2009-W03,2009,3,2009-01-12,2009-01-18,107.0,107.0,148.6,210.8,-0.167,0.306,0.373,22.686,26.8,24.114,90.571
2009-W04,2009,4,2009-01-19,2009-01-25,89.1,89.1,237.7,275.1,-0.108,0.289,0.411,23.171,28.171,24.871,87.857
2009-W05,2009,5,2009-01-26,2009-02-01,42.7,42.7,276.1,308.2,-0.276,0.173,0.379,22.814,27.743,24.643,86.714
2009-W06,2009,6,2009-02-02,2009-02-08,49.0,49.0,287.8,351.4,-0.383,0.072,0.392,22.186,27.729,24.214,86.0
2009-W07,2009,7,2009-02-09,2009-02-15,110.3,110.3,291.1,449.4,-0.294,0.047,0.339,22.671,27.357,24.371,89.857
2009-W08,2009,8,2009-02-16,2009-02-22,163.4,163.4,365.4,610.1,-0.0,0.204,0.215,23.157,27.443,24.671,89.714
2009-W09,2009,9,2009-02-23,2009-03-01,36.1,36.1,358.8,641.8,-0.164,0.069,0.156,23.329,28.643,25.457,86.0
2009-W10,2009,10,2009-03-02,2009-03-08,86.3,86.3,396.1,728.0,-0.179,0.017,0.109,22.986,28.757,25.114,84.286
2009-W11,2009,11,2009-03-09,2009-03-15,13.3,13.3,299.1,738.8,-0.337,-0.181,0.018,23.514,29.1,25.671,83.143
2009-W12,2009,12,2009-03-16,2009-03-22,57.7,57.7,193.4,796.5,-0.32,-0.262,-0.063,22.9,27.786,24.657,87.286
2009-W13,2009,13,2009-03-23,2009-03-29,35.5,35.5,192.8,832.0,-0.318,-0.355,-0.094,23.429,29.286,25.686,85.0
2009-W14,2009,14,2009-03-30,2009-04-05,1.5,1.5,108.0,829.2,-0.379,-0.541,-0.138,23.157,30.0,25.8,78.714
2009-W15,2009,15,2009-04-06,2009-04-12,4.1,4.1,98.8,796.0,-0.52,-0.646,-0.142,23.1,29.171,25.486,79.714
2009-W16,2009,16,2009-04-13,2009-04-19,7.3,7.3,48.4,696.3,-0.846,-0.753,-0.188,22.871,29.729,25.6,79.0
2009-W17,2009,17,2009-04-20,2009-04-26,33.5,33.5,46.4,640.7,-0.947,-0.793,-0.189,23.429,29.229,25.543,85.143
2009-W18,2009,18,2009-04-27,2009-05-03,46.0,46.0,90.9,644.0,-0.803,-0.769,-0.197,22.871,28.471,25.014,86.0
2009-W19,2009,19,2009-05-04,2009-05-10,4.6,4.6,91.4,599.6,-0.842,-0.832,-0.222,22.929,29.743,25.614,81.0
2009-W20,2009,20,2009-05-11,2009-05-17,5.2,5.2,89.3,494.5,-1.037,-0.867,-0.264,22.771,28.571,25.029,81.0
2009-W21,2009,21,2009-05-18,2009-05-24,80.5,80.5,136.3,411.6,-1.138,-0.742,-0.247,22.586,28.586,24.843,86.0
2009-W22,2009,22,2009-05-25,2009-05-31,17.8,17.8,108.1,393.3,-0.993,-0.738,-0.243,22.214,28.457,24.643,84.0
2009-W23,2009,23,2009-06-01,2009-06-07,21.1,21.1,124.6,328.1,-0.997,-0.714,-0.239,22.471,27.786,24.5,84.714
2009-W24,2009,24,2009-06-08,2009-06-14,51.5,51.5,170.9,366.3,-0.672,-0.648,-0.228,22.2,28.2,24.586,83.143
2009-W25,2009,25,2009-06-15,2009-06-21,26.4,26.4,116.8,335.0,-0.613,-0.604,-0.26,21.986,27.343,24.029,84.143
2009-W26,2009,26,2009-06-22,2009-06-28,18.9,18.9,117.9,318.4,-0.57,-0.568,-0.275,21.571,27.8,23.857,83.714
2009-W27,2009,27,2009-06-29,2009-07-05,32.4,32.4,129.2,349.3,-0.281,-0.461,-0.263,21.386,26.843,23.543,85.0
2009-W28,2009,28,2009-07-06,2009-07-12,28.8,28.8,106.5,374.0,-0.085,-0.442,-0.278,21.586,27.057,23.671,85.429
2009-W29,2009,29,2009-07-13,2009-07-19,6.9,6.9,87.0,373.6,0.11,-0.569,-0.309,21.4,28.329,23.986,81.143
2009-W30,2009,30,2009-07-20,2009-07-26,11.0,11.0,79.1,351.1,0.179,-0.624,-0.338,21.343,27.771,23.714,81.857
2009-W31,2009,31,2009-07-27,2009-08-02,3.3,3.3,50.0,308.4,0.154,-0.576,-0.352,21.286,27.929,23.557,80.429
2009-W32,2009,32,2009-08-03,2009-08-09,33.2,33.2,54.4,337.0,0.357,-0.483,-0.333,20.971,28.343,23.714,81.571
2009-W33,2009,33,2009-08-10,2009-08-16,38.2,38.2,85.7,370.0,0.545,-0.495,-0.33,21.243,27.1,23.443,85.0
2009-W34,2009,34,2009-08-17,2009-08-23,30.1,30.1,104.8,319.6,0.476,-0.61,-0.314,21.2,26.543,23.1,86.0
2009-W35,2009,35,2009-08-24,2009-08-30,56.0,56.0,157.5,357.8,0.642,-0.396,-0.26,20.614,26.914,23.071,85.286
2009-W36,2009,36,2009-08-31,2009-09-06,19.4,19.4,143.7,356.1,0.668,-0.369,-0.273,21.0,27.343,23.229,83.429
2009-W37,2009,37,2009-09-07,2009-09-13,5.3,5.3,110.8,309.9,0.56,-0.238,-0.31,20.729,27.886,23.171,80.571
2009-W38,2009,38,2009-09-14,2009-09-20,4.2,4.2,84.9,287.7,0.536,-0.21,-0.349,20.543,27.614,22.929,78.714
2009-W39,2009,39,2009-09-21,2009-09-27,18.0,18.0,46.9,286.8,0.567,-0.147,-0.366,20.114,28.371,22.943,79.286
2009-W40,2009,40,2009-09-28,2009-10-04,9.0,9.0,36.5,263.4,0.526,0.004,-0.391,20.214,29.229,23.314,76.714
2009-W41,2009,41,2009-10-05,2009-10-11,40.6,40.6,71.8,275.2,0.606,0.167,-0.363,20.614,27.943,23.386,82.571
2009-W42,2009,42,2009-10-12,2009-10-18,1.5,1.5,69.1,269.8,0.618,0.288,-0.376,21.129,28.586,23.943,79.143
2009-W43,2009,43,2009-10-19,2009-10-25,0.0,0.0,51.1,258.8,0.602,0.324,-0.404,20.871,28.529,23.614,76.429
2009-W44,2009,44,2009-10-26,2009-11-01,4.0,4.0,46.1,259.5,0.621,0.327,-0.414,21.357,28.6,23.871,76.857
2009-W45,2009,45,2009-11-02,2009-11-08,0.0,0.0,5.5,226.3,0.522,0.402,-0.425,21.3,29.7,24.4,72.857
2009-W46,2009,46,2009-11-09,2009-11-15,5.5,5.5,9.5,193.6,0.381,0.466,-0.431,21.086,28.986,23.957,74.714
2009-W47,2009,47,2009-11-16,2009-11-22,3.4,3.4,12.9,166.9,0.242,0.367,-0.43,21.671,30.471,24.657,73.857
2009-W48,2009,48,2009-11-23,2009-11-29,16.6,16.6,25.5,127.5,0.031,0.41,-0.411,21.843,29.286,24.414,78.714
2009-W49,2009,49,2009-11-30,2009-12-06,0.0,0.0,25.5,108.1,-0.129,0.401,-0.409,22.514,30.4,25.457,75.429
2009-W50,2009,50,2009-12-07,2009-12-13,7.7,7.7,27.7,110.5,-0.133,0.312,-0.408,23.643,29.771,25.843,75.714
2009-W51,2009,51,2009-12-14,2009-12-20,39.7,39.7,64.0,146.0,0.106,0.354,-0.361,22.571,28.086,24.614,83.714
2009-W52,2009,52,2009-12-21,2009-12-27,10.5,10.5,57.9,138.5,-0.04,0.309,-0.347,23.043,29.314,25.3,81.714
2009-W53,2009,53,2009-12-28,2010-01-03,4.8,4.8,62.7,134.3,,,,23.4,29.429,25.629,80.0
2010-W01,2010,1,2010-01-04,2010-01-10,23.7,23.7,78.7,117.4,-0.352,0.182,-0.34,23.5,29.143,25.586,81.857
2010-W02,2010,2,2010-01-11,2010-01-17,140.0,140.0,179.0,255.9,0.333,0.455,-0.302,23.571,28.4,25.286,87.286
2010-W03,2010,3,2010-01-18,2010-01-24,51.3,51.3,219.8,307.2,0.307,0.422,-0.349,23.729,28.457,25.4,88.0
2010-W04,2010,4,2010-01-25,2010-01-31,16.9,16.9,231.9,320.1,0.098,0.304,-0.392,23.8,28.829,25.643,85.857
2010-W05,2010,5,2010-02-01,2010-02-07,103.6,103.6,311.8,423.7,0.209,0.293,-0.318,23.729,28.143,25.486,88.857
2010-W06,2010,6,2010-02-08,2010-02-14,180.1,180.1,351.9,598.3,0.526,0.45,-0.22,23.843,27.9,25.286,90.571
2010-W07,2010,7,2010-02-15,2010-02-21,117.3,117.3,417.9,712.2,0.586,0.446,-0.288,23.986,28.957,25.771,87.857
2010-W08,2010,8,2010-02-22,2010-02-28,41.4,41.4,442.4,737.0,0.4,0.226,-0.293,24.529,29.614,26.371,86.571
2010-W09,2010,9,2010-03-01,2010-03-07,125.8,125.8,464.6,862.8,0.496,0.279,-0.251,23.814,29.029,25.771,87.0
2010-W10,2010,10,2010-03-08,2010-03-14,60.6,60.6,345.1,915.7,0.362,0.188,-0.2,23.843,29.014,25.786,85.429
2010-W11,2010,11,2010-03-15,2010-03-21,125.3,125.3,353.1,1001.3,0.39,0.291,-0.109,23.829,28.386,25.443,89.714
2010-W12,2010,12,2010-03-22,2010-03-28,96.2,96.2,407.9,1087.0,0.438,0.316,-0.048,23.571,29.171,25.786,86.429
2010-W13,2010,13,2010-03-29,2010-04-04,90.7,90.7,372.8,1172.9,0.552,0.364,0.059,24.014,28.871,25.743,87.571
2010-W14,2010,14,2010-04-05,2010-04-11,76.5,76.5,388.7,1225.7,0.6,0.305,0.143,23.871,29.0,25.771,87.857
2010-W15,2010,15,2010-04-12,2010-04-18,109.0,109.0,372.4,1194.7,0.478,0.398,0.258,24.443,29.571,26.357,85.429
2010-W16,2010,16,2010-04-19,2010-04-25,91.9,91.9,368.1,1235.3,0.554,0.444,0.323,23.657,28.571,25.486,88.143
2010-W17,2010,17,2010-04-26,2010-05-02,49.8,49.8,327.2,1268.2,0.631,0.433,0.324,23.529,28.4,25.3,87.429
2010-W18,2010,18,2010-05-03,2010-05-09,84.3,84.3,335.0,1248.9,0.641,0.485,0.399,24.071,28.5,25.643,88.857
2010-W19,2010,19,2010-05-10,2010-05-16,34.7,34.7,260.7,1103.5,0.431,0.468,0.428,23.771,28.943,25.729,86.714
2010-W20,2010,20,2010-05-17,2010-05-23,24.4,24.4,193.2,1010.6,0.352,0.448,0.374,22.829,27.757,24.714,86.286
2010-W21,2010,21,2010-05-24,2010-05-30,1.4,1.4,144.8,970.6,0.39,0.387,0.355,22.371,27.843,24.529,82.714
2010-W22,2010,22,2010-05-31,2010-06-06,7.6,7.6,68.1,852.4,0.285,0.37,0.344,22.5,27.243,24.329,84.143
2010-W23,2010,23,2010-06-07,2010-06-13,60.7,60.7,94.1,852.5,0.463,0.416,0.349,21.7,26.829,23.786,86.571
2010-W24,2010,24,2010-06-14,2010-06-20,35.2,35.2,104.9,762.4,0.418,0.4,0.356,21.571,26.757,23.529,86.143
2010-W25,2010,25,2010-06-21,2010-06-27,26.4,26.4,129.9,692.6,0.399,0.412,0.358,21.371,26.443,23.314,85.429
2010-W26,2010,26,2010-06-28,2010-07-04,53.6,53.6,175.9,655.5,0.419,0.494,0.384,20.843,26.414,22.957,85.857
2010-W27,2010,27,2010-07-05,2010-07-11,7.3,7.3,122.5,586.3,0.409,0.528,0.368,21.157,26.757,23.371,83.857
2010-W28,2010,28,2010-07-12,2010-07-18,21.5,21.5,108.8,498.8,0.288,0.385,0.379,21.014,25.871,22.9,86.0
2010-W29,2010,29,2010-07-19,2010-07-25,1.7,1.7,84.1,408.6,0.212,0.382,0.37,20.757,26.4,22.886,82.571
2010-W30,2010,30,2010-07-26,2010-08-01,4.2,4.2,34.7,363.0,0.214,0.44,0.369,20.557,27.2,23.029,80.714
2010-W31,2010,31,2010-08-02,2010-08-08,6.9,6.9,34.3,285.6,0.077,0.403,0.343,21.043,26.771,23.143,81.0
2010-W32,2010,32,2010-08-09,2010-08-15,33.7,33.7,46.5,284.6,0.191,0.295,0.341,20.6,26.6,22.771,83.571
2010-W33,2010,33,2010-08-16,2010-08-22,5.4,5.4,50.2,265.6,0.226,0.248,0.315,20.086,26.714,22.5,80.571
2010-W34,2010,34,2010-08-23,2010-08-29,16.4,16.4,62.4,280.6,0.351,0.339,0.276,19.686,26.743,22.229,81.857
2010-W35,2010,35,2010-08-30,2010-09-05,14.2,14.2,69.7,287.2,0.424,0.298,0.271,20.071,27.114,22.5,80.286
2010-W36,2010,36,2010-09-06,2010-09-12,23.6,23.6,59.6,250.1,0.337,0.368,0.267,20.686,26.914,22.914,82.571
2010-W37,2010,37,2010-09-13,2010-09-19,18.9,18.9,73.1,233.8,0.306,0.324,0.281,20.029,26.971,22.414,82.143
2010-W38,2010,38,2010-09-20,2010-09-26,5.7,5.7,62.4,213.1,0.281,0.294,0.271,20.086,26.671,22.386,82.0
2010-W39,2010,39,2010-09-27,2010-10-03,0.0,0.0,48.2,159.5,0.095,0.237,0.259,20.557,28.114,23.286,76.429
2010-W40,2010,40,2010-10-04,2010-10-10,3.6,3.6,28.2,155.8,0.111,0.24,0.224,20.314,28.4,23.186,75.286
2010-W41,2010,41,2010-10-11,2010-10-17,8.3,8.3,17.6,142.6,0.071,0.153,0.229,21.071,29.214,23.814,75.571
2010-W42,2010,42,2010-10-18,2010-10-24,23.4,23.4,35.3,164.3,0.192,0.162,0.254,20.1,27.471,22.814,79.286
2010-W43,2010,43,2010-10-25,2010-10-31,1.6,1.6,36.9,161.7,0.184,0.169,0.252,20.043,28.243,22.914,76.429
2010-W44,2010,44,2010-11-01,2010-11-07,1.0,1.0,34.3,155.8,0.155,0.075,0.252,19.471,28.414,22.686,74.286
2010-W45,2010,45,2010-11-08,2010-11-14,10.2,10.2,36.2,132.3,0.04,0.109,0.257,20.114,28.329,23.1,75.429
2010-W46,2010,46,2010-11-15,2010-11-21,11.5,11.5,24.3,138.4,0.068,0.139,0.266,20.914,27.829,23.457,79.714
2010-W47,2010,47,2010-11-22,2010-11-28,8.2,8.2,30.9,130.2,0.013,0.2,0.257,20.4,28.857,23.357,75.143
2010-W48,2010,48,2010-11-29,2010-12-05,0.0,0.0,29.9,116.0,-0.051,0.225,0.259,20.6,28.229,23.271,75.429
2010-W49,2010,49,2010-12-06,2010-12-12,4.9,4.9,24.6,97.3,-0.221,0.116,0.257,21.6,28.871,24.229,76.0
2010-W50,2010,50,2010-12-13,2010-12-19,5.4,5.4,18.5,83.8,-0.38,0.037,0.223,21.814,27.786,24.0,77.286
2010-W51,2010,51,2010-12-20,2010-12-26,44.1,44.1,54.4,122.2,-0.071,0.094,0.255,22.043,26.329,23.643,86.286
2010-W52,2010,52,2010-12-27,2011-01-02,50.1,50.1,104.5,172.3,0.183,0.057,0.301,22.214,27.443,24.143,86.0
2011-W01,2011,1,2011-01-03,2011-01-09,44.1,44.1,143.7,212.8,0.276,0.114,0.357,22.071,27.457,24.071,83.714
2011-W02,2011,2,2011-01-10,2011-01-16,8.8,8.8,147.1,213.3,0.11,-0.009,0.23,22.814,28.143,24.786,83.0
2011-W03,2011,3,2011-01-17,2011-01-23,34.2,34.2,137.2,224.1,-0.094,-0.06,0.208,23.086,28.4,25.057,84.0
2011-W04,2011,4,2011-01-24,2011-01-30,160.2,160.2,247.3,382.7,0.354,0.215,0.347,22.886,27.043,24.229,89.143
2011-W05,2011,5,2011-01-31,2011-02-06,56.2,56.2,259.4,437.9,0.262,0.153,0.31,22.957,27.3,24.571,88.571
2011-W06,2011,6,2011-02-07,2011-02-13,53.4,53.4,304.0,481.1,0.134,0.02,0.174,22.386,27.386,24.414,86.714
2011-W07,2011,7,2011-02-14,2011-02-20,46.4,46.4,316.2,516.0,-0.044,-0.095,0.093,23.357,28.914,25.486,86.714
2011-W08,2011,8,2011-02-21,2011-02-27,9.0,9.0,165.0,516.8,-0.332,-0.336,0.048,23.343,29.486,25.786,80.0
2011-W09,2011,9,2011-02-28,2011-03-06,9.4,9.4,118.2,526.2,-0.573,-0.556,-0.094,23.357,29.857,25.929,80.714
2011-W10,2011,10,2011-03-07,2011-03-13,8.0,8.0,72.8,529.3,-0.867,-0.845,-0.166,23.2,29.6,25.929,81.0
2011-W11,2011,11,2011-03-14,2011-03-20,33.2,33.2,59.6,557.1,-0.95,-0.933,-0.278,23.471,28.614,25.471,81.429
2011-W12,2011,12,2011-03-21,2011-03-27,5.8,5.8,56.4,518.8,-1.249,-1.064,-0.412,23.229,29.814,25.929,77.857
2011-W13,2011,13,2011-03-28,2011-04-03,75.1,75.1,122.1,543.8,-1.271,-0.954,-0.432,22.957,28.929,25.229,84.286
2011-W14,2011,14,2011-04-04,2011-04-10,81.2,81.2,195.3,580.9,-1.17,-0.864,-0.421,23.186,28.157,25.1,87.429
2011-W15,2011,15,2011-04-11,2011-04-17,75.8,75.8,237.9,647.9,-0.978,-0.768,-0.454,23.171,28.571,25.286,85.429
2011-W16,2011,16,2011-04-18,2011-04-24,68.4,68.4,300.5,682.1,-0.892,-0.755,-0.471,22.871,28.457,24.971,86.714
2011-W17,2011,17,2011-04-25,2011-05-01,37.5,37.5,262.9,559.4,-1.222,-0.735,-0.484,23.5,28.971,25.657,83.857
2011-W18,2011,18,2011-05-02,2011-05-08,33.6,33.6,215.3,536.8,-1.149,-0.721,-0.552,23.557,29.014,25.429,85.857
2011-W19,2011,19,2011-05-09,2011-05-15,33.6,33.6,173.1,517.0,-1.116,-0.733,-0.552,23.243,28.786,25.457,84.714
2011-W20,2011,20,2011-05-16,2011-05-22,0.3,0.3,105.0,470.9,-1.121,-0.778,-0.572,22.471,28.771,25.014,80.571
2011-W21,2011,21,2011-05-23,2011-05-29,13.0,13.0,80.5,474.9,-0.911,-0.802,-0.552,22.214,27.543,24.286,83.286
2011-W22,2011,22,2011-05-30,2011-06-05,19.3,19.3,66.2,484.8,-0.677,-0.786,-0.536,22.3,27.429,24.329,86.286
2011-W23,2011,23,2011-06-06,2011-06-12,9.2,9.2,41.8,486.0,-0.448,-0.793,-0.602,22.4,27.543,24.329,84.571
2011-W24,2011,24,2011-06-13,2011-06-19,43.2,43.2,84.7,496.0,-0.252,-0.748,-0.593,22.186,27.386,24.129,86.286
2011-W25,2011,25,2011-06-20,2011-06-26,44.9,44.9,116.6,535.1,0.012,-0.751,-0.57,22.3,26.743,24.029,87.286
2011-W26,2011,26,2011-06-27,2011-07-03,23.7,23.7,121.0,483.7,-0.025,-0.804,-0.609,21.857,27.314,23.886,84.571
2011-W27,2011,27,2011-07-04,2011-07-10,13.9,13.9,125.7,416.4,-0.059,-0.809,-0.599,21.714,27.257,23.743,84.0
2011-W28,2011,28,2011-07-11,2011-07-17,36.0,36.0,118.5,376.6,-0.076,-0.715,-0.58,21.157,25.971,23.129,87.429
2011-W29,2011,29,2011-07-18,2011-07-24,20.6,20.6,94.2,328.8,-0.029,-0.685,-0.552,22.157,27.3,24.014,85.286
2011-W30,2011,30,2011-07-25,2011-07-31,17.4,17.4,87.9,308.7,0.047,-0.882,-0.534,21.057,26.343,23.057,84.143
2011-W31,2011,31,2011-08-01,2011-08-07,1.2,1.2,75.2,276.3,0.044,-0.869,-0.541,20.743,27.214,23.157,81.143
2011-W32,2011,32,2011-08-08,2011-08-14,1.3,1.3,40.5,244.0,0.048,-0.855,-0.586,21.371,27.486,23.529,79.714
2011-W33,2011,33,2011-08-15,2011-08-21,5.6,5.6,25.5,249.3,0.169,-0.814,-0.587,20.929,27.214,23.257,79.857
2011-W34,2011,34,2011-08-22,2011-08-28,2.2,2.2,10.3,238.5,0.201,-0.65,-0.608,20.886,27.829,23.243,78.857
2011-W35,2011,35,2011-08-29,2011-09-04,3.8,3.8,12.9,223.0,0.192,-0.488,-0.622,20.443,27.671,22.857,78.571
2011-W36,2011,36,2011-09-05,2011-09-11,6.0,6.0,17.6,219.8,0.225,-0.325,-0.661,20.443,28.1,23.343,76.429
2011-W37,2011,37,2011-09-12,2011-09-18,26.3,26.3,38.3,202.9,0.187,-0.193,-0.651,20.343,27.371,22.871,81.714
2011-W38,2011,38,2011-09-19,2011-09-25,21.5,21.5,57.6,179.5,0.146,-0.032,-0.63,20.057,27.514,22.743,81.714
2011-W39,2011,39,2011-09-26,2011-10-02,39.2,39.2,93.0,195.0,0.247,-0.003,-0.578,20.329,27.657,22.929,82.0
2011-W40,2011,40,2011-10-03,2011-10-09,6.1,6.1,93.1,187.2,0.249,-0.014,-0.574,20.057,27.886,23.071,78.714
2011-W41,2011,41,2011-10-10,2011-10-16,0.5,0.5,67.3,151.7,0.117,-0.072,-0.586,20.1,27.7,23.057,74.571
2011-W42,2011,42,2011-10-17,2011-10-23,0.0,0.0,45.8,131.1,0.02,-0.063,-0.615,19.243,28.214,22.529,72.286
2011-W43,2011,43,2011-10-24,2011-10-30,16.4,16.4,23.0,130.1,0.01,-0.006,-0.592,20.686,27.886,23.243,77.857
2011-W44,2011,44,2011-10-31,2011-11-06,1.2,1.2,18.1,130.1,0.007,-0.004,-0.595,20.9,28.186,23.443,77.0
2011-W45,2011,45,2011-11-07,2011-11-13,14.7,14.7,32.3,143.5,0.108,0.042,-0.593,20.714,28.0,23.429,80.571
2011-W46,2011,46,2011-11-14,2011-11-20,0.1,0.1,32.4,138.0,0.065,0.1,-0.606,20.671,29.214,23.929,73.571
2011-W47,2011,47,2011-11-21,2011-11-27,0.6,0.6,16.6,136.4,0.055,0.113,-0.616,20.243,29.371,23.643,72.0
2011-W48,2011,48,2011-11-28,2011-12-04,2.9,2.9,18.3,135.5,0.086,0.113,-0.608,21.471,30.029,24.657,70.286
2011-W49,2011,49,2011-12-05,2011-12-11,0.0,0.0,3.6,129.5,0.036,0.121,-0.612,22.071,30.914,25.457,68.143
2011-W50,2011,50,2011-12-12,2011-12-18,10.4,10.4,13.9,113.6,-0.107,0.034,-0.612,21.971,29.4,24.829,73.286
2011-W51,2011,51,2011-12-19,2011-12-25,19.4,19.4,32.7,111.5,-0.158,-0.04,-0.649,22.157,28.357,24.557,79.571
2011-W52,2011,52,2011-12-26,2012-01-01,25.0,25.0,54.8,97.3,-0.371,-0.064,-0.684,22.971,28.457,24.857,83.143
2012-W01,2012,1,2012-01-02,2012-01-08,91.6,91.6,146.4,182.8,0.104,0.118,-0.599,22.829,26.886,24.443,87.429
2012-W02,2012,2,2012-01-09,2012-01-15,111.9,111.9,247.9,294.2,0.513,0.252,-0.466,23.171,27.1,24.5,89.714
2012-W03,2012,3,2012-01-16,2012-01-22,73.8,73.8,302.3,368.0,0.556,0.254,-0.412,23.286,27.471,24.829,87.429
2012-W04,2012,4,2012-01-23,2012-01-29,78.3,78.3,355.6,429.9,0.529,0.255,-0.53,22.871,26.4,24.243,89.143
2012-W05,2012,5,2012-01-30,2012-02-05,109.4,109.4,373.4,538.1,0.608,0.337,-0.456,22.2,25.9,23.7,89.857
2012-W06,2012,6,2012-02-06,2012-02-12,164.1,164.1,425.6,687.5,0.791,0.535,-0.299,22.529,27.4,24.386,90.286
2012-W07,2012,7,2012-02-13,2012-02-19,108.8,108.8,460.6,796.2,0.82,0.564,-0.233,23.171,28.3,25.086,88.429
2012-W08,2012,8,2012-02-20,2012-02-26,172.1,172.1,554.4,967.7,1.025,0.744,-0.045,22.786,27.286,24.429,90.0
2012-W09,2012,9,2012-02-27,2012-03-04,182.9,182.9,627.9,1147.7,1.2,0.91,0.15,23.129,28.586,25.171,89.0
2012-W10,2012,10,2012-03-05,2012-03-11,109.3,109.3,573.1,1257.0,1.183,0.905,0.26,23.329,27.629,24.986,90.571
2012-W11,2012,11,2012-03-12,2012-03-18,134.4,134.4,598.7,1381.0,1.243,0.929,0.379,23.2,28.629,25.071,89.571
2012-W12,2012,12,2012-03-19,2012-03-25,132.9,132.9,559.5,1494.5,1.302,0.985,0.5,23.471,28.786,25.386,88.143
2012-W13,2012,13,2012-03-26,2012-04-01,35.6,35.6,412.2,1505.1,1.251,0.872,0.458,23.643,29.114,25.614,85.714
2012-W14,2012,14,2012-04-02,2012-04-08,170.5,170.5,473.4,1584.0,1.317,1.001,0.548,23.3,28.257,25.171,88.429
2012-W15,2012,15,2012-04-09,2012-04-15,50.3,50.3,389.3,1522.4,1.142,0.968,0.519,23.886,30.043,26.229,85.714
2012-W16,2012,16,2012-04-16,2012-04-22,34.3,34.3,290.7,1482.9,1.059,0.906,0.485,23.986,28.886,25.857,85.857
2012-W17,2012,17,2012-04-23,2012-04-29,91.8,91.8,346.9,1496.4,1.071,0.919,0.534,23.414,28.557,25.286,88.143
2012-W18,2012,18,2012-04-30,2012-05-06,72.3,72.3,248.7,1459.3,1.029,0.932,0.563,22.8,27.929,24.8,88.0
2012-W19,2012,19,2012-05-07,2012-05-13,81.5,81.5,279.9,1376.7,0.961,0.958,0.608,22.843,27.957,24.843,86.857
2012-W20,2012,20,2012-05-14,2012-05-20,52.0,52.0,297.6,1319.9,0.961,0.961,0.656,22.914,27.629,24.743,87.571
2012-W21,2012,21,2012-05-21,2012-05-27,60.6,60.6,266.4,1208.4,0.854,0.99,0.694,23.314,27.929,25.086,88.429
2012-W22,2012,22,2012-05-28,2012-06-03,72.2,72.2,266.3,1097.7,0.778,1.042,0.744,22.857,28.414,24.914,87.429
2012-W23,2012,23,2012-06-04,2012-06-10,1.7,1.7,186.5,990.1,0.736,1.012,0.73,22.857,28.571,25.129,83.714
2012-W24,2012,24,2012-06-11,2012-06-17,10.1,10.1,144.6,865.8,0.636,1.011,0.699,22.314,27.657,24.371,84.429
2012-W25,2012,25,2012-06-18,2012-06-24,37.9,37.9,121.9,770.8,0.569,1.021,0.686,22.529,27.143,24.329,88.0
2012-W26,2012,26,2012-06-25,2012-07-01,31.5,31.5,81.2,766.7,0.667,1.051,0.699,21.457,26.614,23.471,87.143
2012-W27,2012,27,2012-07-02,2012-07-08,19.8,19.8,99.3,616.0,0.481,1.023,0.712,21.371,27.614,23.729,84.143
2012-W28,2012,28,2012-07-09,2012-07-15,6.2,6.2,95.4,571.9,0.479,0.909,0.681,21.2,26.729,23.4,83.857
2012-W29,2012,29,2012-07-16,2012-07-22,19.5,19.5,77.0,557.1,0.586,0.915,0.679,21.186,27.686,23.557,82.286
2012-W30,2012,30,2012-07-23,2012-07-29,11.4,11.4,56.9,476.7,0.516,0.896,0.671,20.7,28.257,23.5,79.571
2012-W31,2012,31,2012-07-30,2012-08-05,33.5,33.5,70.6,437.9,0.532,0.891,0.7,20.843,27.729,23.457,82.143
2012-W32,2012,32,2012-08-06,2012-08-12,0.0,0.0,64.4,356.4,0.414,0.78,0.702,20.586,27.814,23.329,76.429
2012-W33,2012,33,2012-08-13,2012-08-19,28.5,28.5,73.4,332.9,0.44,0.798,0.721,20.486,27.443,23.043,81.143
2012-W34,2012,34,2012-08-20,2012-08-26,2.0,2.0,64.0,274.3,0.329,0.675,0.723,20.886,28.086,23.5,78.0
2012-W35,2012,35,2012-08-27,2012-09-02,10.2,10.2,40.7,212.3,0.149,0.552,0.729,20.657,28.086,23.286,78.0
2012-W36,2012,36,2012-09-03,2012-09-09,10.9,10.9,51.6,221.5,0.232,0.527,0.707,20.4,28.343,23.171,77.571
2012-W37,2012,37,2012-09-10,2012-09-16,9.7,9.7,32.8,221.1,0.259,0.46,0.692,20.843,28.571,23.671,76.429
2012-W38,2012,38,2012-09-17,2012-09-23,15.6,15.6,46.4,198.8,0.225,0.392,0.69,20.986,28.314,23.586,76.857
2012-W39,2012,39,2012-09-24,2012-09-30,21.1,21.1,57.3,188.4,0.221,0.457,0.67,20.414,27.6,22.871,80.429
2012-W40,2012,40,2012-10-01,2012-10-07,2.9,2.9,49.3,171.5,0.182,0.316,0.671,20.771,28.671,23.7,76.286
2012-W41,2012,41,2012-10-08,2012-10-14,5.5,5.5,45.1,170.8,0.207,0.333,0.673,20.714,28.886,23.786,75.286
2012-W42,2012,42,2012-10-15,2012-10-21,11.6,11.6,41.1,162.9,0.185,0.415,0.684,20.571,26.986,22.871,81.0
2012-W43,2012,43,2012-10-22,2012-10-28,7.5,7.5,27.5,159.0,0.17,0.368,0.675,20.671,27.857,23.2,78.571
2012-W44,2012,44,2012-10-29,2012-11-04,14.8,14.8,39.4,140.3,0.068,0.346,0.687,21.486,28.057,23.829,81.286
2012-W45,2012,45,2012-11-05,2012-11-11,16.8,16.8,50.7,157.1,0.185,0.309,0.692,21.286,28.143,23.8,82.857
2012-W46,2012,46,2012-11-12,2012-11-18,13.0,13.0,52.1,141.6,0.088,0.293,0.703,21.029,28.6,23.829,80.429
2012-W47,2012,47,2012-11-19,2012-11-25,3.2,3.2,47.8,142.8,0.096,0.214,0.704,21.214,28.629,23.829,77.0
2012-W48,2012,48,2012-11-26,2012-12-02,18.7,18.7,51.7,151.3,0.187,0.126,0.72,20.9,28.386,23.843,80.286
2012-W49,2012,49,2012-12-03,2012-12-09,2.6,2.6,37.5,143.0,0.13,0.161,0.721,21.214,29.343,24.3,75.857
2012-W50,2012,50,2012-12-10,2012-12-16,8.2,8.2,32.7,141.5,0.107,0.164,0.725,22.157,29.757,24.957,75.714
2012-W51,2012,51,2012-12-17,2012-12-23,2.9,2.9,32.4,128.8,-0.02,0.072,0.709,22.729,30.729,25.729,73.143
2012-W52,2012,52,2012-12-24,2012-12-30,16.7,16.7,30.4,124.4,-0.144,-0.0,0.701,22.986,30.071,25.586,77.143
2013-W01,2013,1,2012-12-31,2013-01-06,53.7,53.7,81.5,175.2,0.057,0.05,0.71,22.386,27.471,24.229,87.857
2013-W02,2013,2,2013-01-07,2013-01-13,24.5,24.5,97.8,194.2,-0.0,0.02,0.646,23.257,27.743,24.871,86.143
2013-W03,2013,3,2013-01-14,2013-01-20,50.0,50.0,144.9,232.6,-0.048,-0.038,0.617,23.314,27.443,24.729,86.857
2013-W04,2013,4,2013-01-21,2013-01-27,88.3,88.3,216.5,313.4,0.068,0.019,0.614,23.371,27.286,24.814,89.429
2013-W05,2013,5,2013-01-28,2013-02-03,71.9,71.9,234.7,370.5,-0.002,-0.07,0.593,23.357,27.343,24.729,89.143
2013-W06,2013,6,2013-02-04,2013-02-10,39.4,39.4,249.6,393.1,-0.204,-0.152,0.463,22.971,27.8,24.657,88.0
2013-W07,2013,7,2013-02-11,2013-02-17,103.7,103.7,303.3,483.8,-0.162,-0.173,0.461,23.386,28.271,25.257,86.571
2013-W08,2013,8,2013-02-18,2013-02-24,112.7,112.7,327.7,593.3,-0.057,-0.092,0.396,22.714,28.057,24.686,88.143
2013-W09,2013,9,2013-02-25,2013-03-03,263.9,263.9,519.7,838.5,0.43,0.32,0.481,23.286,27.957,24.929,89.857
2013-W10,2013,10,2013-03-04,2013-03-10,162.4,162.4,642.7,998.3,0.577,0.433,0.536,23.571,28.157,25.114,90.857
2013-W11,2013,11,2013-03-11,2013-03-17,146.4,146.4,685.4,1136.5,0.715,0.544,0.558,23.529,27.857,25.1,89.714
2013-W12,2013,12,2013-03-18,2013-03-24,6.3,6.3,579.0,1139.9,0.561,0.399,0.414,23.914,29.629,26.2,83.0
2013-W13,2013,13,2013-03-25,2013-03-31,19.5,19.5,334.6,1142.7,0.482,0.289,0.396,23.686,28.643,25.586,84.857
2013-W14,2013,14,2013-04-01,2013-04-07,70.9,70.9,243.1,1159.9,0.454,0.291,0.288,23.257,28.243,25.129,86.571
2013-W15,2013,15,2013-04-08,2013-04-14,75.3,75.3,172.0,1210.7,0.513,0.321,0.316,23.557,28.871,25.443,86.857
2013-W16,2013,16,2013-04-15,2013-04-21,107.6,107.6,273.3,1268.3,0.625,0.377,0.394,23.157,28.157,25.1,88.429
2013-W17,2013,17,2013-04-22,2013-04-28,12.6,12.6,266.4,1192.6,0.474,0.305,0.309,22.457,28.143,24.714,83.857
2013-W18,2013,18,2013-04-29,2013-05-05,18.4,18.4,213.9,1139.1,0.421,0.239,0.247,22.4,28.157,24.543,83.143
2013-W19,2013,19,2013-05-06,2013-05-12,26.4,26.4,165.0,1126.1,0.478,0.194,0.189,21.886,27.257,24.014,85.0
2013-W20,2013,20,2013-05-13,2013-05-19,19.4,19.4,76.8,1041.8,0.419,0.161,0.158,21.957,27.857,24.314,83.857
2013-W21,2013,21,2013-05-20,2013-05-26,85.8,85.8,150.0,1014.9,0.481,0.245,0.184,21.657,26.557,23.443,89.429
2013-W22,2013,22,2013-05-27,2013-06-02,20.2,20.2,151.8,771.2,0.101,0.221,0.13,21.4,27.3,23.714,85.286
2013-W23,2013,23,2013-06-03,2013-06-09,5.9,5.9,131.3,614.7,-0.087,0.2,0.133,21.786,26.371,23.471,84.571
2013-W24,2013,24,2013-06-10,2013-06-16,10.6,10.6,122.5,478.9,-0.303,0.191,0.131,21.543,26.8,23.486,84.429
2013-W25,2013,25,2013-06-17,2013-06-23,11.8,11.8,48.5,484.4,-0.128,0.195,0.099,20.986,27.157,23.257,84.0
2013-W26,2013,26,2013-06-24,2013-06-30,21.3,21.3,49.6,486.2,-0.018,0.213,0.092,20.514,25.929,22.586,84.857
2013-W27,2013,27,2013-07-01,2013-07-07,19.7,19.7,63.4,435.0,-0.002,0.22,0.097,20.071,25.671,22.114,85.571
2013-W28,2013,28,2013-07-08,2013-07-14,16.0,16.0,68.8,375.7,-0.079,0.232,0.105,20.129,26.257,22.329,83.714
2013-W29,2013,29,2013-07-15,2013-07-21,5.5,5.5,62.5,273.6,-0.22,0.232,0.09,20.071,26.414,22.471,82.857
2013-W30,2013,30,2013-07-22,2013-07-28,0.2,0.2,41.4,261.2,-0.117,0.178,0.077,20.386,26.929,22.857,80.429
2013-W31,2013,31,2013-07-29,2013-08-04,4.3,4.3,26.0,247.1,-0.063,0.181,0.046,20.3,26.543,22.343,81.0
2013-W32,2013,32,2013-08-05,2013-08-11,14.4,14.4,24.4,235.1,0.014,0.254,0.062,20.614,27.643,23.171,80.143
2013-W33,2013,33,2013-08-12,2013-08-18,2.8,2.8,21.7,218.5,0.054,0.223,0.033,20.329,27.457,22.8,79.0
2013-W34,2013,34,2013-08-19,2013-08-25,11.1,11.1,32.6,143.8,-0.218,0.193,0.043,20.343,27.7,23.014,78.714
2013-W35,2013,35,2013-08-26,2013-09-01,16.9,16.9,45.2,140.5,-0.187,-0.085,0.051,19.814,27.5,22.5,79.714
2013-W36,2013,36,2013-09-02,2013-09-08,7.2,7.2,38.0,141.8,-0.122,-0.223,0.026,20.114,27.757,22.7,77.571
2013-W37,2013,37,2013-09-09,2013-09-15,15.6,15.6,50.8,146.8,-0.066,-0.342,0.032,20.614,28.157,23.186,78.857
2013-W38,2013,38,2013-09-16,2013-09-22,17.6,17.6,57.3,152.6,0.024,-0.182,0.036,20.429,28.171,23.243,79.714
2013-W39,2013,39,2013-09-23,2013-09-29,4.1,4.1,44.5,135.4,-0.022,-0.114,0.015,21.186,28.286,23.657,78.0
2013-W40,2013,40,2013-09-30,2013-10-06,11.6,11.6,48.9,127.3,-0.031,-0.097,0.026,20.9,28.671,23.643,77.0
2013-W41,2013,41,2013-10-07,2013-10-13,12.5,12.5,45.8,123.8,-0.03,-0.135,0.032,20.9,28.071,23.429,78.286
2013-W42,2013,42,2013-10-14,2013-10-20,10.4,10.4,38.6,128.7,0.006,-0.194,0.032,20.957,27.386,23.314,81.571
2013-W43,2013,43,2013-10-21,2013-10-27,12.8,12.8,47.3,141.3,0.075,-0.087,0.039,21.143,28.171,23.643,80.0
2013-W44,2013,44,2013-10-28,2013-11-03,0.2,0.2,35.9,137.2,0.05,-0.056,0.022,21.229,28.814,24.057,75.857
2013-W45,2013,45,2013-11-04,2013-11-10,0.0,0.0,23.4,122.8,-0.021,-0.029,0.003,20.814,27.957,23.4,74.857
2013-W46,2013,46,2013-11-11,2013-11-17,26.1,26.1,39.1,146.1,0.116,0.045,0.018,20.929,28.157,23.486,77.714
2013-W47,2013,47,2013-11-18,2013-11-24,6.6,6.6,32.9,141.6,0.088,-0.131,0.021,21.5,28.186,24.1,79.857
2013-W48,2013,48,2013-11-25,2013-12-01,0.0,0.0,32.7,124.7,0.012,-0.155,0.004,20.786,28.629,23.814,75.0
2013-W49,2013,49,2013-12-02,2013-12-08,7.9,7.9,40.6,125.4,0.006,-0.12,0.011,21.1,29.414,24.157,74.429
2013-W50,2013,50,2013-12-09,2013-12-15,12.5,12.5,27.0,122.3,-0.036,-0.115,0.014,21.643,29.186,24.543,76.143
2013-W51,2013,51,2013-12-16,2013-12-22,13.2,13.2,33.6,117.9,-0.105,-0.107,0.023,21.829,29.029,24.486,78.286
2013-W52,2013,52,2013-12-23,2013-12-29,1.5,1.5,35.1,115.3,-0.216,-0.205,0.007,23.2,30.157,25.714,74.714
2014-W01,2014,1,2013-12-30,2014-01-05,44.9,44.9,72.1,148.6,-0.117,-0.18,0.027,22.886,28.557,24.857,82.571
2014-W02,2014,2,2014-01-06,2014-01-12,28.7,28.7,88.3,164.8,-0.185,-0.235,0.036,23.143,27.8,24.943,84.571
2014-W03,2014,3,2014-01-13,2014-01-19,104.9,104.9,180.0,259.3,0.087,-0.061,0.096,23.571,28.014,25.143,87.429
2014-W04,2014,4,2014-01-20,2014-01-26,109.1,109.1,287.6,355.6,0.246,0.088,0.108,23.414,27.843,25.071,88.571
2014-W05,2014,5,2014-01-27,2014-02-02,43.3,43.3,286.0,398.7,0.112,0.0,0.085,23.129,28.0,24.986,85.571
2014-W06,2014,6,2014-02-03,2014-02-09,21.6,21.6,278.9,420.3,-0.095,-0.172,0.068,23.457,28.2,25.314,85.0
2014-W07,2014,7,2014-02-10,2014-02-16,25.5,25.5,199.5,419.7,-0.414,-0.343,-0.026,23.314,28.386,25.157,84.714
2014-W08,2014,8,2014-02-17,2014-02-23,31.1,31.1,121.5,444.2,-0.62,-0.517,-0.133,23.171,27.386,24.714,86.571
2014-W09,2014,9,2014-02-24,2014-03-02,79.9,79.9,158.1,524.1,-0.581,-0.537,-0.374,23.314,27.9,24.986,88.571
2014-W10,2014,10,2014-03-03,2014-03-09,77.8,77.8,214.3,594.0,-0.626,-0.572,-0.5,23.643,29.314,25.771,84.143
2014-W11,2014,11,2014-03-10,2014-03-16,10.9,10.9,199.7,592.4,-0.821,-0.721,-0.692,23.671,29.114,25.8,82.714
2014-W12,2014,12,2014-03-17,2014-03-23,55.8,55.8,224.4,635.0,-0.827,-0.747,-0.633,22.857,27.471,24.586,87.857
2014-W13,2014,13,2014-03-24,2014-03-30,85.3,85.3,229.8,718.8,-0.66,-0.644,-0.537,23.229,28.071,25.029,87.429
2014-W14,2014,14,2014-03-31,2014-04-06,63.8,63.8,215.8,737.7,-0.649,-0.634,-0.542,23.443,28.714,25.414,86.143
2014-W15,2014,15,2014-04-07,2014-04-13,84.3,84.3,289.2,793.3,-0.528,-0.545,-0.516,23.314,27.729,24.971,88.857
2014-W16,2014,16,2014-04-14,2014-04-20,54.2,54.2,287.6,742.6,-0.701,-0.544,-0.574,23.571,28.471,25.343,87.286
2014-W17,2014,17,2014-04-21,2014-04-27,67.8,67.8,270.1,701.3,-0.757,-0.495,-0.494,23.329,28.214,25.229,88.0
2014-W18,2014,18,2014-04-28,2014-05-04,65.5,65.5,271.8,723.5,-0.571,-0.426,-0.431,23.414,27.686,25.2,88.857
2014-W19,2014,19,2014-05-05,2014-05-11,146.2,146.2,333.7,848.1,-0.149,-0.219,-0.277,23.514,28.643,25.429,88.857
2014-W20,2014,20,2014-05-12,2014-05-18,68.8,68.8,348.3,891.4,0.085,-0.181,-0.208,23.443,27.743,25.029,89.714
2014-W21,2014,21,2014-05-19,2014-05-25,43.3,43.3,323.8,903.6,0.246,-0.157,-0.258,23.357,28.2,25.329,86.857
2014-W22,2014,22,2014-05-26,2014-06-01,69.0,69.0,327.3,892.7,0.372,-0.071,-0.198,23.171,27.429,24.657,89.429
2014-W23,2014,23,2014-06-02,2014-06-08,65.4,65.4,246.5,880.3,0.521,-0.004,-0.128,22.914,27.414,24.457,89.714
2014-W24,2014,24,2014-06-09,2014-06-15,22.0,22.0,199.7,891.4,0.687,-0.006,-0.117,22.871,28.143,24.814,86.714
2014-W25,2014,25,2014-06-16,2014-06-22,2.4,2.4,158.8,838.0,0.707,-0.031,-0.131,22.8,28.643,25.043,83.429
2014-W26,2014,26,2014-06-23,2014-06-29,27.8,27.8,117.6,780.5,0.696,0.019,-0.12,22.443,27.286,24.271,85.857
2014-W27,2014,27,2014-06-30,2014-07-06,21.5,21.5,73.7,738.2,0.757,0.039,-0.115,22.257,28.1,24.443,85.429
2014-W28,2014,28,2014-07-07,2014-07-13,52.2,52.2,103.9,706.1,0.79,0.102,-0.076,22.329,28.286,24.6,85.0
2014-W29,2014,29,2014-07-14,2014-07-20,8.0,8.0,109.5,659.9,0.808,0.015,-0.072,21.657,27.871,23.929,82.286
2014-W30,2014,30,2014-07-21,2014-07-27,6.9,6.9,88.6,599.0,0.792,-0.066,-0.065,21.357,28.3,23.957,80.857
2014-W31,2014,31,2014-07-28,2014-08-03,14.6,14.6,81.7,548.1,0.798,-0.001,-0.053,21.3,28.286,23.871,80.714
2014-W32,2014,32,2014-08-04,2014-08-10,41.4,41.4,70.9,443.3,0.648,0.144,-0.022,21.757,27.086,23.643,85.286
2014-W33,2014,33,2014-08-11,2014-08-17,13.7,13.7,76.6,388.2,0.594,0.254,-0.012,21.614,27.5,23.686,83.571
2014-W34,2014,34,2014-08-18,2014-08-24,6.6,6.6,76.3,351.5,0.571,0.345,-0.016,21.471,27.571,23.571,80.714
2014-W35,2014,35,2014-08-25,2014-08-31,61.2,61.2,122.9,343.7,0.601,0.445,0.033,20.529,27.443,22.971,84.0
2014-W36,2014,36,2014-09-01,2014-09-07,7.5,7.5,89.0,285.8,0.457,0.462,0.013,20.457,27.643,23.014,80.714
2014-W37,2014,37,2014-09-08,2014-09-14,23.6,23.6,98.9,287.4,0.49,0.591,0.021,20.414,27.543,22.957,81.286
2014-W38,2014,38,2014-09-15,2014-09-21,34.1,34.1,126.4,319.1,0.63,0.659,0.04,21.357,27.086,23.557,84.714
2014-W39,2014,39,2014-09-22,2014-09-28,24.9,24.9,90.1,316.2,0.655,0.66,0.06,21.057,26.914,23.229,83.571
2014-W40,2014,40,2014-09-29,2014-10-05,4.4,4.4,87.0,299.1,0.637,0.69,0.055,21.014,28.357,23.543,78.857
2014-W41,2014,41,2014-10-06,2014-10-12,36.3,36.3,99.7,283.2,0.632,0.711,0.078,20.586,27.357,23.1,84.286
2014-W42,2014,42,2014-10-13,2014-10-19,59.3,59.3,124.9,334.5,0.826,0.807,0.131,21.114,27.457,23.4,84.857
2014-W43,2014,43,2014-10-20,2014-10-26,16.5,16.5,116.5,344.1,0.89,0.82,0.136,21.443,27.371,23.529,84.0
2014-W44,2014,44,2014-10-27,2014-11-02,0.0,0.0,112.1,329.5,0.869,0.817,0.135,21.129,28.086,23.7,79.286
2014-W45,2014,45,2014-11-03,2014-11-09,0.9,0.9,76.7,289.0,0.772,0.683,0.135,21.386,29.329,24.243,77.0
2014-W46,2014,46,2014-11-10,2014-11-16,2.1,2.1,19.5,277.4,0.759,0.644,0.111,21.514,28.586,24.4,77.571
2014-W47,2014,47,2014-11-17,2014-11-23,0.0,0.0,3.0,270.8,0.747,0.627,0.104,21.429,28.957,24.314,75.857
2014-W48,2014,48,2014-11-24,2014-11-30,5.4,5.4,8.4,215.0,0.534,0.558,0.112,21.8,29.671,24.771,74.857
2014-W49,2014,49,2014-12-01,2014-12-07,15.9,15.9,23.4,223.4,0.595,0.498,0.121,22.471,29.471,24.986,78.0
2014-W50,2014,50,2014-12-08,2014-12-14,1.3,1.3,22.6,201.1,0.482,0.47,0.109,22.771,31.029,26.0,73.143
2014-W51,2014,51,2014-12-15,2014-12-21,0.0,0.0,22.6,167.0,0.246,0.476,0.093,22.929,31.071,25.957,70.429
2014-W52,2014,52,2014-12-22,2014-12-28,26.8,26.8,44.0,168.9,0.162,0.451,0.12,22.729,30.786,25.586,73.429
2015-W01,2015,1,2014-12-29,2015-01-04,24.1,24.1,52.2,188.6,0.138,0.426,0.13,23.1,28.9,25.129,83.429
2015-W02,2015,2,2015-01-05,2015-01-11,18.8,18.8,69.7,171.1,-0.144,0.275,0.125,23.243,28.957,25.314,82.857
2015-W03,2015,3,2015-01-12,2015-01-18,149.5,149.5,219.2,261.3,0.096,0.493,0.171,23.457,29.329,25.643,82.0
2015-W04,2015,4,2015-01-19,2015-01-25,48.4,48.4,240.8,293.2,-0.023,0.443,0.094,22.586,28.057,24.8,84.714
2015-W05,2015,5,2015-01-26,2015-02-01,37.3,37.3,254.0,330.5,-0.174,0.317,0.096,23.071,28.043,24.843,86.143
2015-W06,2015,6,2015-02-02,2015-02-08,40.8,40.8,276.0,370.4,-0.3,0.138,0.119,23.386,29.6,25.757,83.286
2015-W07,2015,7,2015-02-09,2015-02-15,59.4,59.4,185.9,427.7,-0.381,0.037,0.153,23.714,28.257,25.386,85.714
2015-W08,2015,8,2015-02-16,2015-02-22,14.8,14.8,152.3,442.5,-0.627,-0.153,0.128,23.9,29.229,26.0,84.857
2015-W09,2015,9,2015-02-23,2015-03-01,51.2,51.2,166.2,488.3,-0.72,-0.382,0.092,23.486,28.029,25.286,85.714
2015-W10,2015,10,2015-03-02,2015-03-08,15.4,15.4,140.8,487.8,-1.033,-0.595,0.014,23.629,29.514,25.929,81.0
2015-W11,2015,11,2015-03-09,2015-03-15,30.5,30.5,111.9,517.0,-1.104,-0.711,0.045,23.114,28.857,25.329,84.286
2015-W12,2015,12,2015-03-16,2015-03-22,185.0,185.0,282.1,702.0,-0.607,-0.451,0.181,23.271,27.4,24.857,90.571
2015-W13,2015,13,2015-03-23,2015-03-29,125.4,125.4,356.3,800.6,-0.41,-0.323,0.226,23.871,27.871,25.386,89.0
2015-W14,2015,14,2015-03-30,2015-04-05,227.6,227.6,568.5,1004.1,0.085,0.024,0.403,23.157,28.629,25.214,89.429
2015-W15,2015,15,2015-04-06,2015-04-12,76.9,76.9,614.9,1062.2,0.175,0.014,0.395,23.757,28.957,25.7,87.714
2015-W16,2015,16,2015-04-13,2015-04-19,84.1,84.1,514.0,996.8,-0.001,-0.04,0.426,24.043,29.529,26.171,86.714
2015-W17,2015,17,2015-04-20,2015-04-26,125.6,125.6,514.2,1074.0,0.214,0.077,0.48,23.814,28.057,25.357,89.286
2015-W18,2015,18,2015-04-27,2015-05-03,114.1,114.1,400.7,1150.8,0.445,0.195,0.52,23.471,28.529,25.271,90.143
2015-W19,2015,19,2015-05-04,2015-05-10,75.2,75.2,399.0,1185.2,0.598,0.251,0.45,24.2,29.157,25.929,89.143
2015-W20,2015,20,2015-05-11,2015-05-17,102.9,102.9,417.8,1228.7,0.792,0.354,0.485,23.714,28.686,25.429,89.571
2015-W21,2015,21,2015-05-18,2015-05-24,99.7,99.7,391.9,1313.6,1.04,0.454,0.535,23.843,28.714,25.686,89.0
2015-W22,2015,22,2015-05-25,2015-05-31,103.7,103.7,381.5,1366.1,1.241,0.558,0.57,23.514,27.7,25.143,88.286
2015-W23,2015,23,2015-06-01,2015-06-07,52.6,52.6,358.9,1403.3,1.432,0.578,0.552,22.829,28.0,24.857,88.286
2015-W24,2015,24,2015-06-08,2015-06-14,66.7,66.7,322.7,1439.5,1.61,0.656,0.592,23.029,28.314,25.143,86.857
2015-W25,2015,25,2015-06-15,2015-06-21,83.8,83.8,306.8,1338.3,1.558,0.751,0.66,23.229,29.129,25.329,87.143
2015-W26,2015,26,2015-06-22,2015-06-28,2.5,2.5,205.6,1215.4,1.48,0.739,0.643,22.771,29.557,25.443,83.0
2015-W27,2015,27,2015-06-29,2015-07-05,9.7,9.7,162.7,997.5,1.255,0.777,0.639,22.943,29.143,25.286,83.0
2015-W28,2015,28,2015-07-06,2015-07-12,62.7,62.7,158.7,983.3,1.329,0.849,0.644,22.714,28.057,24.586,88.429
2015-W29,2015,29,2015-07-13,2015-07-19,62.1,62.1,137.0,961.3,1.353,0.81,0.692,22.914,27.986,24.786,87.571
2015-W30,2015,30,2015-07-20,2015-07-26,34.5,34.5,169.0,870.2,1.294,0.86,0.714,22.457,27.686,24.457,85.857
2015-W31,2015,31,2015-07-27,2015-08-02,31.3,31.3,190.6,787.4,1.276,0.943,0.729,22.071,27.686,24.157,85.0
2015-W32,2015,32,2015-08-03,2015-08-09,5.6,5.6,133.5,717.8,1.231,0.996,0.7,22.029,28.614,24.357,81.714
2015-W33,2015,33,2015-08-10,2015-08-16,22.2,22.2,93.6,637.1,1.154,1.073,0.707,21.657,28.414,24.129,80.571
2015-W34,2015,34,2015-08-17,2015-08-23,13.0,13.0,72.1,550.4,1.066,1.162,0.714,21.457,28.7,23.957,79.857
2015-W35,2015,35,2015-08-24,2015-08-30,18.4,18.4,59.2,465.1,0.925,1.216,0.676,21.529,28.557,24.014,81.857
2015-W36,2015,36,2015-08-31,2015-09-06,18.8,18.8,72.4,431.3,0.865,1.297,0.66,21.914,29.1,24.429,80.286
2015-W37,2015,37,2015-09-07,2015-09-13,5.9,5.9,56.1,370.5,0.734,1.348,0.644,22.114,29.086,24.743,80.286
2015-W38,2015,38,2015-09-14,2015-09-20,3.6,3.6,46.7,290.3,0.544,1.224,0.62,22.371,29.557,24.943,77.286
2015-W39,2015,39,2015-09-21,2015-09-27,32.1,32.1,60.4,319.9,0.666,1.194,0.623,22.614,29.314,24.829,80.714
2015-W40,2015,40,2015-09-28,2015-10-04,6.5,6.5,48.1,316.7,0.689,1.041,0.628,22.643,29.871,25.071,78.429
2015-W41,2015,41,2015-10-05,2015-10-11,18.6,18.6,60.8,272.6,0.597,1.056,0.61,22.429,28.7,24.5,84.0
2015-W42,2015,42,2015-10-12,2015-10-18,51.2,51.2,108.4,261.7,0.59,1.083,0.603,21.7,27.586,23.8,86.286
2015-W43,2015,43,2015-10-19,2015-10-25,33.0,33.0,109.3,260.2,0.607,1.05,0.618,22.386,28.4,24.514,85.0
2015-W44,2015,44,2015-10-26,2015-11-01,41.5,41.5,144.3,270.4,0.663,1.051,0.655,22.3,28.171,24.557,84.714
2015-W45,2015,45,2015-11-02,2015-11-08,0.7,0.7,126.4,265.5,0.683,1.031,0.657,21.771,28.657,24.457,79.143
2015-W46,2015,46,2015-11-09,2015-11-15,19.9,19.9,95.1,263.2,0.701,0.994,0.673,22.329,29.229,24.9,79.714
2015-W47,2015,47,2015-11-16,2015-11-22,28.3,28.3,90.4,278.5,0.779,0.96,0.697,22.5,28.757,24.886,83.714
2015-W48,2015,48,2015-11-23,2015-11-29,18.6,18.6,67.5,278.7,0.818,0.883,0.71,23.543,29.186,25.657,84.143
2015-W49,2015,49,2015-11-30,2015-12-06,85.3,85.3,152.1,345.2,1.123,0.981,0.77,23.729,29.071,25.686,86.714
2015-W50,2015,50,2015-12-07,2015-12-13,35.3,35.3,167.5,374.6,1.269,0.961,0.805,23.814,29.214,25.757,85.857
2015-W51,2015,51,2015-12-14,2015-12-20,52.4,52.4,191.6,423.4,1.415,0.925,0.849,23.7,28.843,25.586,86.714
2015-W52,2015,52,2015-12-21,2015-12-27,29.3,29.3,202.3,420.6,1.289,0.954,0.851,23.686,29.6,25.843,85.429
2015-W53,2015,53,2015-12-28,2016-01-03,18.4,18.4,135.4,432.5,,,,24.457,29.686,26.3,85.714
2016-W01,2016,1,2016-01-04,2016-01-10,31.5,31.5,131.6,445.4,1.251,0.908,0.903,24.386,29.571,26.4,86.0
2016-W02,2016,2,2016-01-11,2016-01-17,37.3,37.3,116.5,431.5,1.056,0.823,0.826,24.214,28.757,25.843,86.714
2016-W03,2016,3,2016-01-18,2016-01-24,72.4,72.4,159.6,470.9,0.923,0.787,0.839,24.1,28.686,25.8,87.286
2016-W04,2016,4,2016-01-25,2016-01-31,101.4,101.4,242.6,530.8,0.865,0.797,0.883,24.1,28.514,25.829,88.143
2016-W05,2016,5,2016-02-01,2016-02-07,55.0,55.0,266.1,585.1,0.756,0.735,0.914,24.014,28.657,25.743,88.143
2016-W06,2016,6,2016-02-08,2016-02-14,105.4,105.4,334.2,670.6,0.742,0.747,0.937,23.8,28.357,25.486,90.714
2016-W07,2016,7,2016-02-15,2016-02-21,57.7,57.7,319.5,700.0,0.55,0.656,0.987,24.2,29.6,26.186,86.857
2016-W08,2016,8,2016-02-22,2016-02-28,190.8,190.8,408.9,872.2,0.779,0.836,1.109,24.6,28.286,26.0,90.286
2016-W09,2016,9,2016-02-29,2016-03-06,182.6,182.6,536.5,969.5,0.775,0.968,1.261,23.986,27.129,25.114,92.571
2016-W10,2016,10,2016-03-07,2016-03-13,48.5,48.5,479.6,982.7,0.538,0.852,1.287,24.686,29.829,26.571,88.0
2016-W11,2016,11,2016-03-14,2016-03-20,85.6,85.6,507.5,1015.9,0.426,0.835,1.216,23.829,28.471,25.586,90.0
2016-W12,2016,12,2016-03-21,2016-03-27,61.3,61.3,378.0,1047.9,0.344,0.757,1.149,24.171,29.171,26.1,87.0
2016-W13,2016,13,2016-03-28,2016-04-03,68.3,68.3,263.7,1097.8,0.376,0.754,1.006,24.1,29.943,26.429,87.429
2016-W14,2016,14,2016-04-04,2016-04-10,134.0,134.0,349.2,1200.3,0.544,0.814,1.051,24.829,28.957,26.329,88.714
2016-W15,2016,15,2016-04-11,2016-04-17,54.6,54.6,318.2,1217.6,0.528,0.717,1.014,24.129,28.871,25.857,87.286
2016-W16,2016,16,2016-04-18,2016-04-24,79.8,79.8,336.7,1225.0,0.531,0.681,0.965,23.871,28.714,25.657,87.571
2016-W17,2016,17,2016-04-25,2016-05-01,47.6,47.6,316.0,1171.2,0.428,0.604,0.899,23.657,29.129,25.629,85.286
2016-W18,2016,18,2016-05-02,2016-05-08,13.2,13.2,195.2,1129.4,0.401,0.546,0.834,23.829,29.114,25.729,85.429
2016-W19,2016,19,2016-05-09,2016-05-15,31.8,31.8,172.4,1055.8,0.33,0.503,0.769,23.814,29.114,25.929,84.429
2016-W20,2016,20,2016-05-16,2016-05-22,39.9,39.9,132.5,1038.0,0.411,0.469,0.713,23.5,29.143,25.629,85.571
2016-W21,2016,21,2016-05-23,2016-05-29,29.0,29.0,113.9,876.2,0.185,0.443,0.64,23.086,28.857,25.257,83.571
2016-W22,2016,22,2016-05-30,2016-06-05,21.6,21.6,122.3,715.2,-0.033,0.327,0.614,22.214,28.2,24.671,83.0
2016-W23,2016,23,2016-06-06,2016-06-12,16.8,16.8,107.3,683.5,0.085,0.276,0.562,21.971,27.514,24.114,84.0
2016-W24,2016,24,2016-06-13,2016-06-19,15.5,15.5,82.9,613.4,0.068,0.211,0.496,22.171,28.357,24.471,83.0
2016-W25,2016,25,2016-06-20,2016-06-26,26.4,26.4,80.3,578.5,0.126,0.198,0.513,22.214,27.7,24.271,84.429
2016-W26,2016,26,2016-06-27,2016-07-03,13.9,13.9,72.6,524.1,0.088,0.203,0.523,22.257,28.5,24.457,82.571
2016-W27,2016,27,2016-07-04,2016-07-10,14.7,14.7,70.5,404.8,-0.096,0.235,0.484,22.457,28.4,24.557,82.714
2016-W28,2016,28,2016-07-11,2016-07-17,20.9,20.9,75.9,371.1,-0.095,0.235,0.44,22.171,27.229,24.029,85.0
2016-W29,2016,29,2016-07-18,2016-07-24,34.3,34.3,83.8,325.6,-0.039,0.245,0.44,21.514,27.271,23.471,85.143
2016-W30,2016,30,2016-07-25,2016-07-31,22.0,22.0,91.9,300.0,0.018,0.205,0.429,21.329,28.3,23.814,82.143
2016-W31,2016,31,2016-08-01,2016-08-07,11.2,11.2,88.4,298.0,0.12,0.244,0.434,20.971,28.557,23.586,79.0
2016-W32,2016,32,2016-08-08,2016-08-14,19.0,19.0,86.5,285.2,0.193,0.222,0.433,21.271,28.4,23.843,79.714
2016-W33,2016,33,2016-08-15,2016-08-21,2.7,2.7,54.9,248.0,0.165,0.264,0.422,21.529,28.943,24.0,78.0
2016-W34,2016,34,2016-08-22,2016-08-28,11.2,11.2,44.1,230.2,0.17,0.107,0.416,21.386,28.557,23.886,79.0
2016-W35,2016,35,2016-08-29,2016-09-04,8.0,8.0,40.9,216.6,0.166,-0.049,0.406,21.0,28.4,23.6,79.429
2016-W36,2016,36,2016-09-05,2016-09-11,31.0,31.0,52.9,230.8,0.267,0.065,0.407,21.4,28.9,24.043,80.143
2016-W37,2016,37,2016-09-12,2016-09-18,10.5,10.5,60.7,225.8,0.276,0.066,0.413,21.671,28.029,24.014,80.143
2016-W38,2016,38,2016-09-19,2016-09-25,56.3,56.3,105.8,255.7,0.433,0.178,0.439,21.471,28.5,23.886,82.143
2016-W39,2016,39,2016-09-26,2016-10-02,12.2,12.2,110.0,254.0,0.462,0.175,0.441,21.257,28.043,23.643,80.857
2016-W40,2016,40,2016-10-03,2016-10-09,0.3,0.3,79.3,239.6,0.446,0.065,0.426,21.171,28.443,23.8,76.714
2016-W41,2016,41,2016-10-10,2016-10-16,4.9,4.9,73.7,223.6,0.424,0.064,0.38,21.3,28.814,24.014,78.286
2016-W42,2016,42,2016-10-17,2016-10-23,2.6,2.6,20.0,191.9,0.318,0.056,0.351,21.171,29.286,24.143,73.857
2016-W43,2016,43,2016-10-24,2016-10-30,0.1,0.1,7.9,170.0,0.225,0.06,0.311,20.886,30.043,24.243,72.143
2016-W44,2016,44,2016-10-31,2016-11-06,0.0,0.0,7.6,158.8,0.171,0.108,0.309,20.714,30.1,24.0,71.857
2016-W45,2016,45,2016-11-07,2016-11-13,7.3,7.3,10.0,147.1,0.129,0.143,0.297,22.029,29.743,24.943,73.714
2016-W46,2016,46,2016-11-14,2016-11-20,0.5,0.5,7.9,144.9,0.109,0.114,0.27,21.771,30.886,25.271,71.857
2016-W47,2016,47,2016-11-21,2016-11-27,0.0,0.0,7.8,133.7,0.037,0.086,0.251,21.014,30.329,24.571,69.857
2016-W48,2016,48,2016-11-28,2016-12-04,4.3,4.3,12.1,130.0,0.048,0.082,0.17,22.557,30.629,25.614,70.429
2016-W49,2016,49,2016-12-05,2016-12-11,29.4,29.4,34.2,128.4,0.028,0.148,0.165,22.714,30.329,25.7,75.143
2016-W50,2016,50,2016-12-12,2016-12-18,20.8,20.8,54.5,138.7,0.087,0.169,0.132,22.757,28.557,25.029,81.429
2016-W51,2016,51,2016-12-19,2016-12-25,2.3,2.3,56.8,84.7,-0.406,0.109,0.101,23.086,30.843,26.1,72.429
2016-W52,2016,52,2016-12-26,2017-01-01,10.4,10.4,62.9,82.9,-0.51,0.072,0.093,23.843,29.857,26.071,78.714
2017-W01,2017,1,2017-01-02,2017-01-08,21.4,21.4,54.9,104.0,-0.467,0.04,0.113,24.143,28.957,26.057,80.429
2017-W02,2017,2,2017-01-09,2017-01-15,92.7,92.7,126.8,191.8,-0.015,0.168,0.181,23.671,27.929,25.3,85.571
2017-W03,2017,3,2017-01-16,2017-01-22,53.5,53.5,178.0,242.7,0.004,0.078,0.157,23.486,28.4,25.571,83.143
2017-W04,2017,4,2017-01-23,2017-01-29,31.3,31.3,198.9,273.9,-0.114,-0.064,0.068,23.571,28.643,25.729,82.143
2017-W05,2017,5,2017-01-30,2017-02-05,125.2,125.2,302.7,399.1,0.114,0.06,0.156,23.857,28.014,25.443,86.143
2017-W06,2017,6,2017-02-06,2017-02-12,141.0,141.0,351.0,532.8,0.314,0.189,0.195,24.3,28.914,26.057,86.429
2017-W07,2017,7,2017-02-13,2017-02-19,128.8,128.8,426.3,661.1,0.434,0.281,0.269,23.943,29.843,26.257,84.429
2017-W08,2017,8,2017-02-20,2017-02-26,103.4,103.4,498.4,764.5,0.481,0.304,0.168,24.014,28.8,26.086,85.143
2017-W09,2017,9,2017-02-27,2017-03-05,80.5,80.5,453.7,840.7,0.436,0.278,0.049,24.143,29.029,26.129,84.571
2017-W10,2017,10,2017-03-06,2017-03-12,252.9,252.9,565.6,1064.2,0.74,0.537,0.276,24.014,29.571,26.157,85.857
2017-W11,2017,11,2017-03-13,2017-03-19,141.9,141.9,578.7,1185.3,0.826,0.629,0.346,24.014,29.786,26.314,85.286
2017-W12,2017,12,2017-03-20,2017-03-26,242.8,242.8,718.1,1425.8,1.168,0.828,0.525,24.157,29.2,26.171,86.0
2017-W13,2017,13,2017-03-27,2017-04-02,81.5,81.5,719.1,1496.9,1.235,0.836,0.538,24.129,29.971,26.571,83.286
2017-W14,2017,14,2017-04-03,2017-04-09,151.7,151.7,617.9,1627.2,1.397,0.947,0.554,24.457,28.814,26.314,84.429
2017-W15,2017,15,2017-04-10,2017-04-16,58.4,58.4,534.4,1592.9,1.272,0.921,0.554,24.743,29.557,26.543,84.571
2017-W16,2017,16,2017-04-17,2017-04-23,157.7,157.7,449.3,1697.1,1.454,1.03,0.628,24.657,29.7,26.657,84.571
2017-W17,2017,17,2017-04-24,2017-04-30,65.8,65.8,433.6,1731.6,1.481,1.025,0.64,24.171,29.3,26.357,83.571
2017-W18,2017,18,2017-05-01,2017-05-07,16.6,16.6,298.5,1623.0,1.307,0.964,0.634,24.143,29.257,26.214,82.571
2017-W19,2017,19,2017-05-08,2017-05-14,60.2,60.2,300.3,1542.2,1.249,0.971,0.66,24.343,29.129,26.457,84.286
2017-W20,2017,20,2017-05-15,2017-05-21,29.7,29.7,172.3,1443.1,1.178,0.947,0.65,24.329,28.971,26.286,85.143
2017-W21,2017,21,2017-05-22,2017-05-28,6.2,6.2,112.7,1345.9,1.095,0.911,0.624,23.586,28.257,25.614,83.429
2017-W22,2017,22,2017-05-29,2017-06-04,0.1,0.1,96.2,1265.5,1.075,0.877,0.607,22.729,28.057,25.086,84.0
2017-W23,2017,23,2017-06-05,2017-06-11,10.4,10.4,46.4,1023.0,0.798,0.823,0.594,22.614,27.943,24.8,84.286
2017-W24,2017,24,2017-06-12,2017-06-18,0.3,0.3,17.0,881.4,0.667,0.794,0.579,22.386,27.529,24.486,84.429
2017-W25,2017,25,2017-06-19,2017-06-25,8.6,8.6,19.4,647.2,0.294,0.791,0.557,22.686,27.843,24.657,84.714
2017-W26,2017,26,2017-06-26,2017-07-02,1.1,1.1,20.4,566.8,0.201,0.799,0.55,22.329,28.014,24.414,82.0
2017-W27,2017,27,2017-07-03,2017-07-09,0.0,0.0,10.0,415.1,-0.063,0.829,0.543,21.4,27.614,23.871,81.714
2017-W28,2017,28,2017-07-10,2017-07-16,0.0,0.0,9.7,356.7,-0.143,0.728,0.52,21.357,27.714,23.757,80.857
2017-W29,2017,29,2017-07-17,2017-07-23,0.5,0.5,1.6,199.5,-0.525,0.73,0.487,21.257,28.157,23.829,79.143
2017-W30,2017,30,2017-07-24,2017-07-30,0.0,0.0,0.5,133.7,-0.697,0.758,0.464,20.786,27.971,23.4,80.143
2017-W31,2017,31,2017-07-31,2017-08-06,0.0,0.0,0.5,117.1,-0.699,0.688,0.454,20.743,28.343,23.529,79.571
2017-W32,2017,32,2017-08-07,2017-08-13,0.0,0.0,0.5,56.9,-1.039,0.6,0.437,20.643,28.614,23.543,78.714
2017-W33,2017,33,2017-08-14,2017-08-20,0.0,0.0,0.0,27.2,-1.311,0.543,0.434,20.5,28.843,23.486,78.286
2017-W34,2017,34,2017-08-21,2017-08-27,0.0,0.0,0.0,21.0,-1.388,0.512,0.424,21.214,27.543,23.586,80.143
2017-W35,2017,35,2017-08-28,2017-09-03,0.7,0.7,0.7,21.6,-1.326,0.519,0.417,20.743,28.771,23.557,79.0
2017-W36,2017,36,2017-09-04,2017-09-10,0.3,0.3,1.0,11.5,-1.51,0.262,0.364,20.757,28.743,23.629,77.714
2017-W37,2017,37,2017-09-11,2017-09-17,0.0,0.0,1.0,11.2,-1.483,0.157,0.353,20.857,28.914,23.771,78.0
2017-W38,2017,38,2017-09-18,2017-09-24,0.2,0.2,1.2,2.8,-1.881,-0.156,0.3,21.271,28.643,23.871,78.286
2017-W39,2017,39,2017-09-25,2017-10-01,2.5,2.5,3.0,4.2,-1.683,-0.218,0.288,21.471,28.871,24.171,78.571
2017-W40,2017,40,2017-10-02,2017-10-08,6.5,6.5,9.2,10.7,-1.299,-0.406,0.296,21.557,27.9,23.986,80.571
2017-W41,2017,41,2017-10-09,2017-10-15,0.1,0.1,9.3,10.8,-1.314,-0.458,0.29,21.0,28.443,23.829,77.143
2017-W42,2017,42,2017-10-16,2017-10-22,5.0,5.0,14.1,15.3,-1.198,-0.741,0.293,21.7,28.971,24.471,77.0
2017-W43,2017,43,2017-10-23,2017-10-29,4.4,4.4,16.0,19.7,-1.134,-0.867,0.298,21.814,28.114,24.214,79.714
2017-W44,2017,44,2017-10-30,2017-11-05,1.7,1.7,11.2,21.4,-1.132,-0.871,0.299,21.271,29.343,24.071,78.0
2017-W45,2017,45,2017-11-06,2017-11-12,0.0,0.0,11.1,21.4,-1.144,-1.127,0.292,20.414,28.1,23.043,76.143
2017-W46,2017,46,2017-11-13,2017-11-19,4.7,4.7,10.8,26.1,-1.112,-1.3,0.296,20.471,26.843,22.929,78.429
2017-W47,2017,47,2017-11-20,2017-11-26,7.2,7.2,13.6,33.3,-0.992,-1.279,0.303,20.743,27.943,23.343,78.857
2017-W48,2017,48,2017-11-27,2017-12-03,6.7,6.7,18.6,39.3,-0.851,-1.188,0.308,21.4,28.886,24.157,78.0
2017-W49,2017,49,2017-12-04,2017-12-10,8.6,8.6,27.2,47.6,-0.778,-1.191,0.288,22.171,29.057,24.957,77.571
2017-W50,2017,50,2017-12-11,2017-12-17,0.8,0.8,23.3,48.4,-0.818,-1.216,0.269,22.614,28.629,25.014,77.857
2017-W51,2017,51,2017-12-18,2017-12-24,3.3,3.3,19.4,51.5,-0.808,-1.284,0.268,22.743,29.129,25.343,75.857
2017-W52,2017,52,2017-12-25,2017-12-31,10.2,10.2,22.9,59.2,-0.783,-1.232,0.268,22.729,29.671,25.457,74.286
2018-W01,2018,1,2018-01-01,2018-01-07,6.4,6.4,20.7,59.1,-0.953,-1.291,0.287,22.643,29.514,25.571,77.143
2018-W02,2018,2,2018-01-08,2018-01-14,6.3,6.3,26.2,65.3,-1.075,-1.398,0.204,22.343,30.057,25.386,75.143
2018-W03,2018,3,2018-01-15,2018-01-21,12.0,12.0,34.9,72.3,-1.256,-1.517,0.156,22.943,28.686,25.4,76.857
2018-W04,2018,4,2018-01-22,2018-01-28,20.7,20.7,45.4,88.6,-1.383,-1.589,0.133,23.886,29.429,26.186,78.286
2018-W05,2018,5,2018-01-29,2018-02-04,30.2,30.2,69.2,117.1,-1.494,-1.639,0.036,24.286,28.771,26.114,80.143
2018-W06,2018,6,2018-02-05,2018-02-11,60.0,60.0,122.9,177.1,-1.352,-1.518,-0.052,23.886,27.586,25.214,84.286
2018-W07,2018,7,2018-02-12,2018-02-18,108.4,108.4,219.3,280.8,-1.069,-1.273,-0.084,23.757,27.629,25.257,85.0
2018-W08,2018,8,2018-02-19,2018-02-25,82.5,82.5,281.1,356.1,-1.017,-1.204,-0.118,23.857,28.329,25.557,85.571
2018-W09,2018,9,2018-02-26,2018-03-04,30.2,30.2,281.1,379.6,-1.193,-1.313,-0.187,23.829,28.414,25.743,81.857
2018-W10,2018,10,2018-03-05,2018-03-11,11.9,11.9,233.0,382.9,-1.501,-1.532,-0.515,24.129,28.514,26.057,80.857
2018-W11,2018,11,2018-03-12,2018-03-18,13.7,13.7,138.3,395.8,-1.626,-1.598,-0.697,24.4,28.643,26.171,81.571
2018-W12,2018,12,2018-03-19,2018-03-25,36.6,36.6,92.4,429.1,-1.624,-1.594,-1.04,23.771,29.0,26.014,82.714
2018-W13,2018,13,2018-03-26,2018-04-01,27.0,27.0,89.2,445.9,-1.675,-1.613,-1.131,23.843,28.514,25.871,81.286
2018-W14,2018,14,2018-04-02,2018-04-08,54.7,54.7,132.0,494.2,-1.502,-1.562,-1.295,23.457,28.929,25.857,83.143
2018-W15,2018,15,2018-04-09,2018-04-15,3.9,3.9,122.2,491.8,-1.549,-1.607,-1.371,23.057,29.5,25.886,78.571
2018-W16,2018,16,2018-04-16,2018-04-22,0.4,0.4,86.0,480.2,-1.628,-1.705,-1.656,23.086,29.857,26.186,74.143
2018-W17,2018,17,2018-04-23,2018-04-29,2.6,2.6,61.6,462.1,-1.591,-1.755,-1.78,23.443,29.686,26.386,76.286
2018-W18,2018,18,2018-04-30,2018-05-06,11.7,11.7,18.6,443.6,-1.493,-1.764,-1.781,23.957,29.157,26.229,80.286
2018-W19,2018,19,2018-05-07,2018-05-13,67.6,67.6,82.3,451.2,-1.358,-1.624,-1.76,23.286,28.186,25.343,84.143
2018-W20,2018,20,2018-05-14,2018-05-20,8.0,8.0,89.9,350.8,-1.604,-1.618,-1.783,22.886,27.629,24.929,84.286
2018-W21,2018,21,2018-05-21,2018-05-27,2.1,2.1,89.4,270.4,-1.756,-1.661,-1.779,22.457,27.986,24.843,82.857
2018-W22,2018,22,2018-05-28,2018-06-03,0.3,0.3,78.0,240.5,-1.666,-1.699,-1.779,22.029,28.514,24.543,81.714
2018-W23,2018,23,2018-06-04,2018-06-10,5.9,5.9,16.3,234.5,-1.419,-1.714,-1.776,21.543,27.829,24.057,80.143
2018-W24,2018,24,2018-06-11,2018-06-17,1.4,1.4,9.7,222.2,-1.289,-1.756,-1.776,20.9,27.843,23.657,80.0
2018-W25,2018,25,2018-06-18,2018-06-24,1.2,1.2,8.8,186.8,-1.281,-1.763,-1.791,20.871,27.757,23.343,80.0
2018-W26,2018,26,2018-06-25,2018-07-01,0.3,0.3,8.8,160.1,-1.333,-1.806,-1.795,20.986,27.414,23.471,79.286
2018-W27,2018,27,2018-07-02,2018-07-08,0.0,0.0,2.9,105.4,-1.524,-1.768,-1.801,20.757,28.057,23.371,80.286
2018-W28,2018,28,2018-07-09,2018-07-15,0.8,0.8,2.3,102.3,-1.421,-1.73,-1.796,21.0,27.714,23.386,79.714
2018-W29,2018,29,2018-07-16,2018-07-22,0.0,0.0,1.1,101.9,-1.091,-1.717,-1.791,20.7,28.0,23.257,78.429
2018-W30,2018,30,2018-07-23,2018-07-29,1.3,1.3,2.1,100.6,-0.913,-1.652,-1.785,21.129,28.129,23.5,79.0
2018-W31,2018,31,2018-07-30,2018-08-05,2.2,2.2,4.3,91.1,-0.885,-1.583,-1.779,21.629,28.086,23.871,79.429
2018-W32,2018,32,2018-08-06,2018-08-12,0.0,0.0,3.5,23.5,-1.536,-1.622,-1.784,20.871,27.486,23.386,80.286
2018-W33,2018,33,2018-08-13,2018-08-19,0.0,0.0,3.5,15.5,-1.584,-1.854,-1.786,20.586,28.071,23.257,78.143
2018-W34,2018,34,2018-08-20,2018-08-26,0.0,0.0,2.2,13.4,-1.599,-1.952,-1.79,20.257,28.2,23.014,78.286
2018-W35,2018,35,2018-08-27,2018-09-02,0.0,0.0,0.0,13.1,-1.56,-1.845,-1.793,20.129,27.657,22.829,79.143
2018-W36,2018,36,2018-09-03,2018-09-09,1.2,1.2,1.2,8.4,-1.64,-1.647,-1.795,20.714,28.657,23.557,78.286
2018-W37,2018,37,2018-09-10,2018-09-16,1.6,1.6,2.8,8.6,-1.591,-1.493,-1.792,21.143,28.814,23.957,77.571
2018-W38,2018,38,2018-09-17,2018-09-23,0.0,0.0,2.8,7.4,-1.537,-1.463,-1.795,20.971,28.643,23.743,77.857
2018-W39,2018,39,2018-09-24,2018-09-30,0.0,0.0,2.8,7.1,-1.495,-1.467,-1.801,21.486,29.114,24.186,77.143
2018-W40,2018,40,2018-10-01,2018-10-07,6.2,6.2,7.8,13.3,-1.212,-1.555,-1.804,20.957,27.586,23.343,78.429
2018-W41,2018,41,2018-10-08,2018-10-14,0.1,0.1,6.3,12.6,-1.25,-1.464,-1.804,20.643,27.943,23.271,78.143
2018-W42,2018,42,2018-10-15,2018-10-21,0.0,0.0,6.3,12.6,-1.282,-1.205,-1.812,20.657,28.443,23.471,76.429
2018-W43,2018,43,2018-10-22,2018-10-28,1.0,1.0,7.3,12.3,-1.352,-1.076,-1.812,20.857,28.743,23.671,77.0
2018-W44,2018,44,2018-10-29,2018-11-04,1.3,1.3,2.4,11.4,-1.432,-1.073,-1.819,21.314,28.543,23.9,77.714
2018-W45,2018,45,2018-11-05,2018-11-11,7.4,7.4,9.7,18.8,-1.211,-1.471,-1.813,21.643,28.4,24.114,80.0
2018-W46,2018,46,2018-11-12,2018-11-18,2.2,2.2,11.9,21.0,-1.233,-1.502,-1.813,21.943,29.0,24.429,78.429
2018-W47,2018,47,2018-11-19,2018-11-25,13.9,13.9,24.8,34.9,-0.963,-1.345,-1.796,21.943,29.2,24.671,77.286
2018-W48,2018,48,2018-11-26,2018-12-02,1.5,1.5,25.0,36.4,-0.9,-1.306,-1.803,21.329,28.843,24.186,77.857
2018-W49,2018,49,2018-12-03,2018-12-09,0.4,0.4,18.0,35.6,-0.976,-1.359,-1.816,20.671,29.457,24.071,75.571
2018-W50,2018,50,2018-12-10,2018-12-16,5.7,5.7,21.5,39.7,-0.961,-1.341,-1.822,22.871,29.429,25.643,76.857
2018-W51,2018,51,2018-12-17,2018-12-23,32.4,32.4,40.0,72.1,-0.542,-1.046,-1.762,23.129,28.471,25.357,82.286
2018-W52,2018,52,2018-12-24,2018-12-30,7.7,7.7,46.2,79.8,-0.542,-1.027,-1.767,23.086,28.914,25.514,81.0
2019-W01,2019,1,2018-12-31,2019-01-06,9.2,9.2,55.0,82.8,-0.672,-1.066,-1.761,23.757,29.771,26.243,80.0
2019-W02,2019,2,2019-01-07,2019-01-13,165.7,165.7,215.0,248.4,0.296,-0.338,-1.459,23.229,27.786,25.057,86.286
2019-W03,2019,3,2019-01-14,2019-01-20,102.6,102.6,285.2,351.0,0.49,-0.139,-1.278,23.686,27.757,25.271,83.857
2019-W04,2019,4,2019-01-21,2019-01-27,10.4,10.4,287.9,360.4,0.266,-0.288,-1.303,24.157,28.657,26.086,82.714
2019-W05,2019,5,2019-01-28,2019-02-03,93.3,93.3,372.0,452.4,0.315,-0.208,-1.197,24.257,28.186,25.757,85.0
2019-W06,2019,6,2019-02-04,2019-02-10,45.6,45.6,251.9,490.6,0.168,-0.27,-1.189,24.286,28.471,25.829,84.429
2019-W07,2019,7,2019-02-11,2019-02-17,44.5,44.5,193.8,532.9,0.016,-0.378,-1.335,24.429,28.886,26.214,85.143
2019-W08,2019,8,2019-02-18,2019-02-24,135.5,135.5,318.9,654.5,0.146,-0.217,-1.26,24.629,28.986,26.414,84.429
2019-W09,2019,9,2019-02-25,2019-03-03,90.1,90.1,315.7,743.1,0.155,-0.179,-1.174,24.114,30.4,26.657,84.286
2019-W10,2019,10,2019-03-04,2019-03-10,38.9,38.9,309.0,781.6,-0.016,-0.309,-1.147,24.486,28.314,26.143,83.857
2019-W11,2019,11,2019-03-11,2019-03-17,64.3,64.3,328.8,840.2,-0.038,-0.295,-1.058,24.271,29.586,26.357,85.857
2019-W12,2019,12,2019-03-18,2019-03-24,58.9,58.9,252.2,866.7,-0.122,-0.286,-1.036,24.529,29.586,26.6,83.286
2019-W13,2019,13,2019-03-25,2019-03-31,12.9,12.9,175.0,871.9,-0.205,-0.363,-1.058,24.343,29.2,26.271,81.857
2019-W14,2019,14,2019-04-01,2019-04-07,28.9,28.9,165.0,891.6,-0.207,-0.431,-1.092,23.914,29.2,26.157,82.571
2019-W15,2019,15,2019-04-08,2019-04-14,5.1,5.1,105.8,731.0,-0.713,-0.498,-1.068,24.0,29.943,26.757,78.714
2019-W16,2019,16,2019-04-15,2019-04-21,19.0,19.0,65.9,647.4,-1.006,-0.551,-1.013,24.386,29.557,26.557,80.857
2019-W17,2019,17,2019-04-22,2019-04-28,52.2,52.2,105.2,689.2,-0.794,-0.509,-0.925,24.271,29.486,26.529,84.714
2019-W18,2019,18,2019-04-29,2019-05-05,20.6,20.6,96.9,616.5,-0.887,-0.53,-0.908,24.171,29.614,26.5,82.571
2019-W19,2019,19,2019-05-06,2019-05-12,9.6,9.6,101.4,580.5,-0.903,-0.586,-0.997,23.686,29.229,26.057,82.714
2019-W20,2019,20,2019-05-13,2019-05-19,7.6,7.6,90.0,543.6,-0.87,-0.601,-0.981,23.9,29.229,26.057,84.0
2019-W21,2019,21,2019-05-20,2019-05-26,1.9,1.9,39.7,410.0,-1.145,-0.658,-0.974,23.486,28.786,25.729,82.429
2019-W22,2019,22,2019-05-27,2019-06-02,2.4,2.4,21.5,322.3,-1.276,-0.68,-0.97,22.929,28.786,25.4,81.286
2019-W23,2019,23,2019-06-03,2019-06-09,1.7,1.7,13.6,285.1,-1.178,-0.694,-0.97,22.814,28.186,25.114,82.0
2019-W24,2019,24,2019-06-10,2019-06-16,0.7,0.7,6.7,221.5,-1.293,-0.731,-0.973,23.143,28.843,25.429,80.857
2019-W25,2019,25,2019-06-17,2019-06-23,3.4,3.4,8.2,166.0,-1.403,-0.792,-0.971,22.7,28.386,24.943,81.0
2019-W26,2019,26,2019-06-24,2019-06-30,0.1,0.1,5.9,153.2,-1.378,-0.809,-0.97,21.9,27.829,24.386,80.143
2019-W27,2019,27,2019-07-01,2019-07-07,3.1,3.1,7.3,127.4,-1.353,-0.765,-0.967,21.971,27.871,24.329,81.143
2019-W28,2019,28,2019-07-08,2019-07-14,0.7,0.7,7.3,123.0,-1.259,-1.073,-0.967,21.471,27.557,23.871,80.286
2019-W29,2019,29,2019-07-15,2019-07-21,0.3,0.3,4.2,104.3,-1.073,-1.26,-0.963,21.1,28.6,23.9,79.571
2019-W30,2019,30,2019-07-22,2019-07-28,0.5,0.5,4.6,52.6,-1.354,-1.172,-0.963,21.029,28.2,23.814,79.857
2019-W31,2019,31,2019-07-29,2019-08-04,0.0,0.0,1.5,32.0,-1.553,-1.265,-0.965,20.671,27.657,23.286,80.714
2019-W32,2019,32,2019-08-05,2019-08-11,0.0,0.0,0.8,22.4,-1.561,-1.247,-0.968,20.243,27.543,22.971,79.0
2019-W33,2019,33,2019-08-12,2019-08-18,0.0,0.0,0.5,14.8,-1.605,-1.229,-0.969,20.214,27.214,22.686,80.571
2019-W34,2019,34,2019-08-19,2019-08-25,0.3,0.3,0.3,13.2,-1.606,-1.428,-0.971,20.429,27.471,23.129,80.571
2019-W35,2019,35,2019-08-26,2019-09-01,0.0,0.0,0.3,10.8,-1.646,-1.521,-0.972,19.886,27.971,22.714,79.143
2019-W36,2019,36,2019-09-02,2019-09-08,0.0,0.0,0.3,9.1,-1.608,-1.437,-0.985,19.529,28.743,22.714,78.143
2019-W37,2019,37,2019-09-09,2019-09-15,0.0,0.0,0.3,8.4,-1.601,-1.497,-0.988,19.357,28.657,22.7,77.571
2019-W38,2019,38,2019-09-16,2019-09-22,0.1,0.1,0.1,5.1,-1.675,-1.577,-0.988,20.714,27.729,23.329,79.286
2019-W39,2019,39,2019-09-23,2019-09-29,1.2,1.2,1.3,6.2,-1.545,-1.508,-0.988,21.514,28.329,24.0,79.571
2019-W40,2019,40,2019-09-30,2019-10-06,2.4,2.4,3.7,5.5,-1.548,-1.468,-0.994,21.143,28.957,24.2,77.857
2019-W41,2019,41,2019-10-07,2019-10-13,0.7,0.7,4.4,5.5,-1.573,-1.379,-0.994,21.014,27.5,23.343,79.429
2019-W42,2019,42,2019-10-14,2019-10-20,0.5,0.5,4.8,5.7,-1.6,-1.232,-0.99,21.171,28.0,23.7,78.0
2019-W43,2019,43,2019-10-21,2019-10-27,0.1,0.1,3.7,5.3,-1.701,-1.485,-0.987,21.086,28.686,23.871,78.429
2019-W44,2019,44,2019-10-28,2019-11-03,0.7,0.7,2.0,6.0,-1.706,-1.651,-0.992,21.629,28.8,24.386,77.143
2019-W45,2019,45,2019-11-04,2019-11-10,1.9,1.9,3.2,7.9,-1.616,-1.64,-1.007,22.043,28.371,24.4,79.143
2019-W46,2019,46,2019-11-11,2019-11-17,36.1,36.1,38.8,44.0,-0.795,-1.246,-0.951,21.743,27.629,23.8,81.286
2019-W47,2019,47,2019-11-18,2019-11-24,1.1,1.1,39.8,44.8,-0.803,-1.242,-0.97,22.043,27.857,24.2,81.571
2019-W48,2019,48,2019-11-25,2019-12-01,5.9,5.9,45.0,50.7,-0.683,-1.182,-0.959,22.271,28.786,24.871,78.571
2019-W49,2019,49,2019-12-02,2019-12-08,15.6,15.6,58.7,66.3,-0.533,-1.044,-0.932,22.557,28.9,24.943,81.143
2019-W50,2019,50,2019-12-09,2019-12-15,0.5,0.5,23.1,66.8,-0.569,-1.072,-0.95,22.329,29.457,25.029,79.143
2019-W51,2019,51,2019-12-16,2019-12-22,0.1,0.1,22.1,66.8,-0.604,-1.11,-1.004,22.214,29.8,25.229,75.429
2019-W52,2019,52,2019-12-23,2019-12-29,2.9,2.9,19.1,68.5,-0.668,-1.127,-1.011,23.043,30.686,26.114,75.0
2020-W01,2020,1,2019-12-30,2020-01-05,13.1,13.1,16.6,79.2,-0.711,-1.157,-0.993,23.271,29.857,25.971,78.857
2020-W02,2020,2,2020-01-06,2020-01-12,9.9,9.9,26.0,88.4,-0.809,-1.24,-1.283,23.5,29.914,26.157,79.0
2020-W03,2020,3,2020-01-13,2020-01-19,1.5,1.5,27.4,89.4,-1.065,-1.451,-1.465,24.043,30.029,26.614,76.571
2020-W04,2020,4,2020-01-20,2020-01-26,130.9,130.9,155.4,220.2,-0.393,-0.871,-1.245,23.857,29.286,26.1,81.571
2020-W05,2020,5,2020-01-27,2020-02-02,28.8,28.8,171.1,248.3,-0.579,-0.98,-1.372,24.129,29.086,26.186,81.714
2020-W06,2020,6,2020-02-03,2020-02-09,12.1,12.1,173.3,258.5,-0.841,-1.164,-1.399,24.486,29.629,26.657,80.429
2020-W07,2020,7,2020-02-10,2020-02-16,18.1,18.1,189.9,240.5,-1.302,-1.377,-1.484,24.629,28.929,26.529,82.143
2020-W08,2020,8,2020-02-17,2020-02-23,64.2,64.2,123.2,303.6,-1.287,-1.378,-1.656,24.629,29.471,26.686,82.0
2020-W09,2020,9,2020-02-24,2020-03-01,111.1,111.1,205.5,408.8,-1.057,-1.157,-1.638,24.343,28.671,26.1,86.286
2020-W10,2020,10,2020-03-02,2020-03-08,51.2,51.2,244.6,444.4,-1.217,-1.228,-1.639,24.714,28.814,26.443,84.429
2020-W11,2020,11,2020-03-09,2020-03-15,79.2,79.2,305.7,523.1,-1.08,-1.09,-1.608,24.429,29.114,26.457,83.429
2020-W12,2020,12,2020-03-16,2020-03-22,107.6,107.6,349.1,630.6,-0.842,-0.9,-1.524,24.486,29.529,26.514,84.143
2020-W13,2020,13,2020-03-23,2020-03-29,7.7,7.7,245.7,635.4,-0.937,-0.988,-1.532,24.2,29.257,26.357,80.571
2020-W14,2020,14,2020-03-30,2020-04-05,27.8,27.8,222.3,650.1,-0.929,-1.034,-1.522,24.014,29.257,26.286,82.714
2020-W15,2020,15,2020-04-06,2020-04-12,11.2,11.2,154.3,651.4,-0.967,-1.073,-1.481,24.143,29.614,26.657,80.0
2020-W16,2020,16,2020-04-13,2020-04-19,57.4,57.4,104.1,707.3,-0.811,-1.016,-1.376,24.029,29.329,26.129,83.571
2020-W17,2020,17,2020-04-20,2020-04-26,1.7,1.7,98.1,578.1,-1.156,-1.067,-1.461,23.329,29.243,25.843,80.429
2020-W18,2020,18,2020-04-27,2020-05-03,2.2,2.2,72.5,551.5,-1.099,-1.114,-1.489,23.457,29.614,26.057,78.857
2020-W19,2020,19,2020-05-04,2020-05-10,1.5,1.5,62.8,540.9,-1.034,-1.176,-1.502,23.943,30.157,26.557,77.429
2020-W20,2020,20,2020-05-11,2020-05-17,2.5,2.5,7.9,525.3,-0.931,-1.269,-1.489,23.9,29.8,26.286,77.714
2020-W21,2020,21,2020-05-18,2020-05-24,0.0,0.0,6.2,461.1,-0.959,-1.303,-1.482,22.743,29.857,25.586,75.571
2020-W22,2020,22,2020-05-25,2020-05-31,0.2,0.2,4.2,350.2,-1.16,-1.337,-1.486,22.586,29.543,25.229,76.286
2020-W23,2020,23,2020-06-01,2020-06-07,2.6,2.6,5.3,301.6,-1.107,-1.379,-1.474,22.129,29.586,25.143,75.429
2020-W24,2020,24,2020-06-08,2020-06-14,0.0,0.0,2.8,222.4,-1.288,-1.419,-1.478,21.714,29.371,24.714,74.429
2020-W25,2020,25,2020-06-15,2020-06-21,0.8,0.8,3.6,115.6,-1.757,-1.419,-1.482,21.829,28.371,24.557,76.857
2020-W26,2020,26,2020-06-22,2020-06-28,1.4,1.4,4.8,109.3,-1.701,-1.433,-1.481,21.886,28.6,24.514,76.714
2020-W27,2020,27,2020-06-29,2020-07-05,2.0,2.0,4.2,83.5,-1.724,-1.404,-1.487,21.557,28.414,24.186,77.714
2020-W28,2020,28,2020-07-06,2020-07-12,2.9,2.9,7.1,75.2,-1.677,-1.374,-1.481,21.357,28.343,24.014,78.714
2020-W29,2020,29,2020-07-13,2020-07-19,0.0,0.0,6.3,17.8,-2.21,-1.326,-1.476,21.257,28.371,23.886,78.143
2020-W30,2020,30,2020-07-20,2020-07-26,2.0,2.0,6.9,18.1,-1.96,-1.555,-1.471,20.686,28.286,23.714,76.286
2020-W31,2020,31,2020-07-27,2020-08-02,0.0,0.0,4.9,15.9,-1.926,-1.487,-1.47,20.329,28.1,23.286,79.143
2020-W32,2020,32,2020-08-03,2020-08-09,0.0,0.0,2.0,14.4,-1.777,-1.379,-1.474,20.071,29.186,23.257,75.857
2020-W33,2020,33,2020-08-10,2020-08-16,0.0,0.0,2.0,11.9,-1.703,-1.29,-1.476,20.0,27.843,23.0,77.286
2020-W34,2020,34,2020-08-17,2020-08-23,1.0,1.0,1.0,12.9,-1.616,-1.269,-1.477,20.1,27.586,22.943,78.0
2020-W35,2020,35,2020-08-24,2020-08-30,0.9,0.9,1.9,13.6,-1.543,-1.411,-1.477,19.614,28.171,22.8,76.571
2020-W36,2020,36,2020-08-31,2020-09-06,0.0,0.0,1.9,11.0,-1.529,-1.369,-1.484,20.3,28.643,23.229,76.571
2020-W37,2020,37,2020-09-07,2020-09-13,0.0,0.0,1.9,11.0,-1.49,-1.482,-1.484,20.6,28.943,23.714,76.286
2020-W38,2020,38,2020-09-14,2020-09-20,0.0,0.0,0.9,10.2,-1.413,-1.841,-1.487,20.943,28.357,23.729,77.571
2020-W39,2020,39,2020-09-21,2020-09-27,0.0,0.0,0.0,8.8,-1.414,-1.754,-1.489,20.1,28.757,23.257,76.0
2020-W40,2020,40,2020-09-28,2020-10-04,0.0,0.0,0.0,6.8,-1.471,-1.758,-1.496,20.471,28.643,23.429,76.286
2020-W41,2020,41,2020-10-05,2020-10-11,0.2,0.2,0.2,4.1,-1.678,-1.729,-1.497,21.029,28.929,23.886,77.143
2020-W42,2020,42,2020-10-12,2020-10-18,0.0,0.0,0.2,4.1,-1.721,-2.164,-1.495,21.971,29.071,24.414,77.714
2020-W43,2020,43,2020-10-19,2020-10-25,0.0,0.0,0.2,2.1,-2.037,-2.031,-1.488,21.643,29.957,24.557,74.857
2020-W44,2020,44,2020-10-26,2020-11-01,0.3,0.3,0.5,2.4,-2.054,-2.012,-1.495,21.771,29.529,24.657,76.714
2020-W45,2020,45,2020-11-02,2020-11-08,0.0,0.0,0.3,2.4,-2.089,-1.917,-1.507,20.729,28.986,23.586,75.714
2020-W46,2020,46,2020-11-09,2020-11-15,0.0,0.0,0.3,2.4,-2.217,-1.945,-1.574,19.971,28.586,23.043,73.143
2020-W47,2020,47,2020-11-16,2020-11-22,1.3,1.3,1.6,2.7,-2.22,-1.907,-1.572,20.957,29.7,24.029,74.286
2020-W48,2020,48,2020-11-23,2020-11-29,0.0,0.0,1.3,1.8,-2.335,-1.893,-1.58,21.343,29.771,24.357,73.714
2020-W49,2020,49,2020-11-30,2020-12-06,7.4,7.4,8.7,9.2,-1.75,-1.759,-1.591,21.829,28.271,24.286,78.714
2020-W50,2020,50,2020-12-07,2020-12-13,45.1,45.1,53.8,54.3,-0.731,-1.161,-1.517,22.171,28.771,24.7,81.143
2020-W51,2020,51,2020-12-14,2020-12-20,5.2,5.2,57.7,59.5,-0.697,-1.13,-1.512,22.157,28.271,24.529,81.143
2020-W52,2020,52,2020-12-21,2020-12-27,16.0,16.0,73.7,75.5,-0.588,-1.047,-1.485,22.314,29.257,25.0,77.143
2020-W53,2020,53,2020-12-28,2021-01-03,4.8,4.8,71.1,80.3,,,,22.343,29.829,25.357,75.857
2021-W01,2021,1,2021-01-04,2021-01-10,25.2,25.2,51.2,105.3,-0.455,-0.97,-1.467,22.4,28.443,24.886,78.429
2021-W02,2021,2,2021-01-11,2021-01-17,40.6,40.6,86.6,145.9,-0.316,-0.857,-1.42,23.514,29.171,25.871,78.429
2021-W03,2021,3,2021-01-18,2021-01-24,39.2,39.2,109.8,185.1,-0.318,-0.848,-1.594,23.571,27.829,25.257,83.0
2021-W04,2021,4,2021-01-25,2021-01-31,44.3,44.3,149.3,229.1,-0.344,-0.842,-1.567,23.957,27.886,25.571,83.857
2021-W05,2021,5,2021-02-01,2021-02-07,12.0,12.0,136.1,241.1,-0.618,-1.031,-1.579,24.086,28.457,25.857,82.857
2021-W06,2021,6,2021-02-08,2021-02-14,104.2,104.2,199.7,345.3,-0.41,-0.817,-1.369,24.1,28.543,26.014,84.286
2021-W07,2021,7,2021-02-15,2021-02-21,50.6,50.6,211.1,394.6,-0.52,-0.901,-1.428,23.814,28.814,25.914,82.429
2021-W08,2021,8,2021-02-22,2021-02-28,2.1,2.1,168.9,396.7,-0.826,-1.168,-1.676,23.771,28.786,25.986,78.857
2021-W09,2021,9,2021-03-01,2021-03-07,38.7,38.7,195.6,428.0,-0.972,-1.241,-1.731,23.871,28.1,25.629,83.714
2021-W10,2021,10,2021-03-08,2021-03-14,306.4,306.4,397.8,689.3,-0.302,-0.505,-1.297,23.486,28.414,25.329,86.143
2021-W11,2021,11,2021-03-15,2021-03-21,108.1,108.1,455.3,792.2,-0.176,-0.364,-1.295,24.014,29.086,26.1,83.857
2021-W12,2021,12,2021-03-22,2021-03-28,22.0,22.0,475.2,798.2,-0.316,-0.44,-1.285,23.643,29.243,26.0,81.571
2021-W13,2021,13,2021-03-29,2021-04-04,6.0,6.0,442.5,799.4,-0.413,-0.532,-1.323,23.529,29.457,26.1,79.0
2021-W14,2021,14,2021-04-05,2021-04-11,38.5,38.5,174.6,812.7,-0.426,-0.56,-1.262,23.657,29.586,26.2,80.143
2021-W15,2021,15,2021-04-12,2021-04-18,10.6,10.6,77.1,782.7,-0.559,-0.611,-1.323,23.114,29.5,25.814,80.0
2021-W16,2021,16,2021-04-19,2021-04-25,15.9,15.9,71.0,759.4,-0.651,-0.669,-1.268,23.229,29.529,25.929,80.571
2021-W17,2021,17,2021-04-26,2021-05-02,14.3,14.3,79.3,729.4,-0.673,-0.7,-1.236,22.943,28.414,25.143,82.571
2021-W18,2021,18,2021-05-03,2021-05-09,2.0,2.0,42.8,719.4,-0.582,-0.751,-1.229,22.357,28.886,25.029,80.143
2021-W19,2021,19,2021-05-10,2021-05-16,2.3,2.3,34.5,617.5,-0.786,-0.807,-1.226,21.729,28.043,24.457,79.857
2021-W20,2021,20,2021-05-17,2021-05-23,0.9,0.9,19.5,567.8,-0.792,-0.828,-1.205,21.657,28.143,24.271,81.0
2021-W21,2021,21,2021-05-24,2021-05-30,0.0,0.0,5.2,565.7,-0.619,-0.862,-1.197,21.886,27.8,24.214,81.429
2021-W22,2021,22,2021-05-31,2021-06-06,1.0,1.0,4.2,528.0,-0.542,-0.897,-1.199,21.6,28.086,24.043,79.857
2021-W23,2021,23,2021-06-07,2021-06-13,2.9,2.9,4.8,224.5,-1.471,-1.0,-1.186,21.629,28.443,24.229,79.0
2021-W24,2021,24,2021-06-14,2021-06-20,0.1,0.1,4.0,116.5,-1.974,-1.043,-1.19,21.729,28.443,24.357,80.0
2021-W25,2021,25,2021-06-21,2021-06-27,0.0,0.0,4.0,94.5,-1.941,-1.081,-1.192,21.271,28.057,23.971,78.286
2021-W26,2021,26,2021-06-28,2021-07-04,0.0,0.0,3.0,88.5,-1.89,-1.097,-1.196,21.014,27.957,23.7,78.857
2021-W27,2021,27,2021-07-05,2021-07-11,0.0,0.0,0.1,50.0,-2.129,-1.097,-1.203,20.429,27.386,23.086,79.0
2021-W28,2021,28,2021-07-12,2021-07-18,0.4,0.4,0.4,39.8,-2.155,-1.144,-1.201,20.757,28.1,23.657,79.0
2021-W29,2021,29,2021-07-19,2021-07-25,0.4,0.4,0.8,24.3,-2.037,-1.182,-1.2,21.0,27.871,23.557,79.714
2021-W30,2021,30,2021-07-26,2021-08-01,0.0,0.0,0.8,10.0,-2.251,-1.178,-1.198,21.2,27.857,23.757,80.143
2021-W31,2021,31,2021-08-02,2021-08-08,0.0,0.0,0.8,8.0,-2.253,-1.067,-1.197,20.6,27.6,23.114,79.571
2021-W32,2021,32,2021-08-09,2021-08-15,0.1,0.1,0.5,5.8,-2.177,-1.192,-1.2,20.229,27.129,22.929,78.429
2021-W33,2021,33,2021-08-16,2021-08-22,1.4,1.4,1.5,6.3,-1.969,-1.185,-1.201,20.757,27.843,23.286,79.571
2021-W34,2021,34,2021-08-23,2021-08-29,0.1,0.1,1.6,6.4,-1.914,-0.993,-1.205,20.971,28.243,23.714,77.714
2021-W35,2021,35,2021-08-30,2021-09-05,0.7,0.7,2.3,6.1,-1.883,-0.9,-1.205,20.914,28.371,23.686,77.714
2021-W36,2021,36,2021-09-06,2021-09-12,3.3,3.3,5.5,6.5,-1.741,-1.701,-1.208,21.029,27.086,23.343,80.571
2021-W37,2021,37,2021-09-13,2021-09-19,0.0,0.0,4.1,6.4,-1.707,-2.081,-1.209,20.443,28.186,23.271,78.571
2021-W38,2021,38,2021-09-20,2021-09-26,0.1,0.1,4.1,6.5,-1.586,-2.018,-1.21,20.929,27.729,23.529,77.714
2021-W39,2021,39,2021-09-27,2021-10-03,0.0,0.0,3.4,6.5,-1.528,-1.923,-1.211,20.4,28.771,23.543,75.286
2021-W40,2021,40,2021-10-04,2021-10-10,0.0,0.0,0.1,6.5,-1.488,-2.079,-1.213,20.329,29.143,23.543,75.571
2021-W41,2021,41,2021-10-11,2021-10-17,0.9,0.9,1.0,7.0,-1.483,-2.073,-1.212,20.857,29.071,23.986,76.571
2021-W42,2021,42,2021-10-18,2021-10-24,4.4,4.4,5.3,11.0,-1.34,-1.917,-1.201,21.243,28.7,24.057,79.286
2021-W43,2021,43,2021-10-25,2021-10-31,2.6,2.6,7.9,13.6,-1.307,-1.957,-1.192,21.557,29.357,24.414,77.143
2021-W44,2021,44,2021-11-01,2021-11-07,0.3,0.3,8.2,13.9,-1.341,-1.928,-1.196,21.043,27.829,23.629,77.286
2021-W45,2021,45,2021-11-08,2021-11-14,0.0,0.0,7.3,13.8,-1.363,-1.847,-1.203,20.7,28.1,23.443,77.143
2021-W46,2021,46,2021-11-15,2021-11-21,0.1,0.1,3.0,12.5,-1.503,-1.823,-1.201,20.0,28.886,23.314,75.143
2021-W47,2021,47,2021-11-22,2021-11-28,1.8,1.8,2.2,14.2,-1.472,-1.779,-1.197,20.686,28.014,23.457,77.571
2021-W48,2021,48,2021-11-29,2021-12-05,0.0,0.0,1.9,13.5,-1.46,-1.782,-1.206,21.6,29.3,24.443,75.286
2021-W49,2021,49,2021-12-06,2021-12-12,1.8,1.8,3.7,12.0,-1.614,-1.8,-1.277,22.043,29.486,24.857,75.714
2021-W50,2021,50,2021-12-13,2021-12-19,3.1,3.1,6.7,15.1,-1.573,-1.773,-1.293,21.971,28.271,24.6,77.857
2021-W51,2021,51,2021-12-20,2021-12-26,0.4,0.4,5.3,15.4,-1.602,-1.782,-1.326,21.829,29.771,24.886,75.286
2021-W52,2021,52,2021-12-27,2022-01-02,0.6,0.6,5.9,16.0,-1.655,-1.818,-1.332,22.186,29.443,25.129,74.714
2022-W01,2022,1,2022-01-03,2022-01-09,0.7,0.7,4.8,16.7,-1.826,-1.957,-1.371,22.529,30.814,25.757,70.857
2022-W02,2022,2,2022-01-10,2022-01-16,17.2,17.2,18.9,33.0,-1.607,-1.838,-1.445,23.3,29.1,25.614,76.857
2022-W03,2022,3,2022-01-17,2022-01-23,56.5,56.5,75.0,85.1,-1.11,-1.442,-1.401,22.643,29.929,25.7,76.714
2022-W04,2022,4,2022-01-24,2022-01-30,123.0,123.0,197.4,205.5,-0.477,-0.902,-1.261,23.214,27.814,24.886,84.714
2022-W05,2022,5,2022-01-31,2022-02-06,56.8,56.8,253.5,262.0,-0.505,-0.883,-1.188,23.086,28.571,25.2,82.714
2022-W06,2022,6,2022-02-07,2022-02-13,106.4,106.4,342.7,368.4,-0.308,-0.687,-1.152,22.971,28.286,25.143,81.714
2022-W07,2022,7,2022-02-14,2022-02-20,11.6,11.6,297.8,379.9,-0.584,-0.919,-1.25,23.9,29.414,26.043,78.714
2022-W08,2022,8,2022-02-21,2022-02-27,19.4,19.4,194.2,397.5,-0.823,-1.115,-1.241,23.471,28.471,25.571,80.857
2022-W09,2022,9,2022-02-28,2022-03-06,73.8,73.8,211.2,471.3,-0.789,-1.065,-1.199,23.614,28.871,25.6,82.0
2022-W10,2022,10,2022-03-07,2022-03-13,95.3,95.3,200.1,564.8,-0.733,-1.003,-1.633,23.229,29.5,25.714,84.857
2022-W11,2022,11,2022-03-14,2022-03-20,90.3,90.3,278.8,652.0,-0.615,-0.856,-1.672,23.414,29.214,25.543,85.714
2022-W12,2022,12,2022-03-21,2022-03-27,57.6,57.6,317.0,709.2,-0.584,-0.824,-1.613,24.086,29.0,25.943,84.0
2022-W13,2022,13,2022-03-28,2022-04-03,56.6,56.6,299.8,765.2,-0.516,-0.779,-1.506,23.814,29.071,25.871,84.571
2022-W14,2022,14,2022-04-04,2022-04-10,20.7,20.7,225.2,785.2,-0.506,-0.843,-1.529,23.371,29.1,25.843,82.286
2022-W15,2022,15,2022-04-11,2022-04-17,10.4,10.4,145.3,778.4,-0.571,-0.889,-1.501,22.443,29.129,25.343,80.286
2022-W16,2022,16,2022-04-18,2022-04-24,42.8,42.8,130.5,764.7,-0.635,-0.886,-1.417,22.9,28.714,25.3,83.143
2022-W17,2022,17,2022-04-25,2022-05-01,0.0,0.0,73.9,641.7,-0.943,-0.95,-1.433,22.286,28.743,25.029,80.857
2022-W18,2022,18,2022-05-02,2022-05-08,3.9,3.9,57.1,588.8,-0.976,-0.994,-1.421,22.514,28.3,24.929,81.429
2022-W19,2022,19,2022-05-09,2022-05-15,1.9,1.9,48.6,484.3,-1.233,-1.05,-1.419,21.8,28.671,24.671,79.429
2022-W20,2022,20,2022-05-16,2022-05-22,5.5,5.5,11.3,478.2,-1.095,-1.053,-1.388,22.586,28.157,24.843,82.857
2022-W21,2022,21,2022-05-23,2022-05-29,0.4,0.4,11.7,459.2,-0.965,-1.089,-1.378,21.443,27.857,24.029,80.0
2022-W22,2022,22,2022-05-30,2022-06-05,0.2,0.2,8.0,385.6,-1.022,-1.109,-1.379,20.886,29.043,24.086,76.714
2022-W23,2022,23,2022-06-06,2022-06-12,1.4,1.4,7.5,291.7,-1.149,-1.123,-1.372,21.057,28.0,23.786,78.429
2022-W24,2022,24,2022-06-13,2022-06-19,2.2,2.2,4.2,203.6,-1.389,-1.159,-1.371,21.229,27.871,23.957,76.571
2022-W25,2022,25,2022-06-20,2022-06-26,4.1,4.1,7.9,150.1,-1.505,-1.154,-1.362,20.871,27.457,23.571,77.857
2022-W26,2022,26,2022-06-27,2022-07-03,0.2,0.2,7.9,93.7,-1.84,-1.162,-1.363,20.329,27.214,23.071,78.571
2022-W27,2022,27,2022-07-04,2022-07-10,0.4,0.4,6.9,73.4,-1.83,-1.106,-1.366,20.529,27.957,23.286,77.0
2022-W28,2022,28,2022-07-11,2022-07-17,0.2,0.2,4.9,63.2,-1.814,-1.101,-1.364,20.229,27.5,23.014,77.429
2022-W29,2022,29,2022-07-18,2022-07-24,1.0,1.0,1.8,21.4,-2.109,-1.176,-1.358,20.357,27.371,23.086,78.143
2022-W30,2022,30,2022-07-25,2022-07-31,0.2,0.2,1.8,21.6,-1.868,-1.371,-1.356,20.814,28.229,23.729,77.0
2022-W31,2022,31,2022-08-01,2022-08-07,0.5,0.5,1.9,18.2,-1.858,-1.376,-1.354,20.7,27.371,23.429,77.714
2022-W32,2022,32,2022-08-08,2022-08-14,0.5,0.5,2.2,16.8,-1.704,-1.539,-1.357,20.657,27.229,23.257,78.286
2022-W33,2022,33,2022-08-15,2022-08-21,0.3,0.3,1.5,11.6,-1.714,-1.431,-1.361,20.329,29.014,23.714,75.429
2022-W34,2022,34,2022-08-22,2022-08-28,0.2,0.2,1.5,11.4,-1.671,-1.279,-1.363,20.657,27.571,23.157,77.143
2022-W35,2022,35,2022-08-29,2022-09-04,0.0,0.0,1.0,11.2,-1.63,-1.3,-1.366,20.471,28.329,23.286,76.571
2022-W36,2022,36,2022-09-05,2022-09-11,0.2,0.2,0.7,10.0,-1.569,-1.409,-1.379,19.914,28.629,23.186,76.286
2022-W37,2022,37,2022-09-12,2022-09-18,0.1,0.1,0.5,7.9,-1.625,-1.58,-1.38,19.829,28.186,22.914,76.571
2022-W38,2022,38,2022-09-19,2022-09-25,0.3,0.3,0.6,4.1,-1.752,-1.668,-1.381,20.186,27.829,23.029,77.571
2022-W39,2022,39,2022-09-26,2022-10-02,0.0,0.0,0.6,3.9,-1.708,-1.903,-1.382,19.743,28.814,23.129,75.714
2022-W40,2022,40,2022-10-03,2022-10-09,0.0,0.0,0.4,3.5,-1.704,-1.871,-1.383,20.129,28.857,23.243,74.429
2022-W41,2022,41,2022-10-10,2022-10-16,0.3,0.3,0.6,3.6,-1.723,-1.845,-1.385,19.671,28.529,23.014,75.143
2022-W42,2022,42,2022-10-17,2022-10-23,0.8,0.8,1.1,3.4,-1.788,-2.102,-1.388,20.586,27.457,23.157,77.286
2022-W43,2022,43,2022-10-24,2022-10-30,0.0,0.0,1.1,3.2,-1.889,-1.932,-1.387,20.343,26.929,22.829,77.286
2022-W44,2022,44,2022-10-31,2022-11-06,1.0,1.0,2.1,3.7,-1.895,-1.928,-1.391,19.586,27.714,22.529,76.857
2022-W45,2022,45,2022-11-07,2022-11-13,0.0,0.0,1.8,3.2,-1.982,-1.838,-1.399,20.171,27.329,22.729,78.143
2022-W46,2022,46,2022-11-14,2022-11-20,0.2,0.2,1.2,3.1,-2.117,-1.933,-1.395,20.414,28.729,23.343,74.857
2022-W47,2022,47,2022-11-21,2022-11-27,0.0,0.0,1.2,2.9,-2.191,-1.946,-1.397,20.286,29.3,23.514,73.714
2022-W48,2022,48,2022-11-28,2022-12-04,0.2,0.2,0.4,3.1,-2.124,-1.926,-1.392,21.1,28.914,24.114,75.143
2022-W49,2022,49,2022-12-05,2022-12-11,0.3,0.3,0.7,3.2,-2.235,-1.955,-1.39,21.186,28.557,24.057,74.571
2022-W50,2022,50,2022-12-12,2022-12-18,1.5,1.5,2.0,4.6,-2.184,-2.031,-1.407,21.943,29.571,24.857,74.143
2022-W51,2022,51,2022-12-19,2022-12-25,0.0,0.0,2.0,4.3,-2.26,-2.229,-1.412,22.343,29.714,25.271,75.857
2022-W52,2022,52,2022-12-26,2023-01-01,3.7,3.7,5.5,8.0,-2.031,-2.128,-1.406,22.914,30.586,26.0,72.429
2023-W01,2023,1,2023-01-02,2023-01-08,6.7,6.7,11.9,14.7,-1.902,-2.087,-1.389,22.686,30.057,25.643,75.857
2023-W02,2023,2,2023-01-09,2023-01-15,11.2,11.2,21.6,25.6,-1.785,-2.034,-1.428,23.029,31.2,26.229,71.857
2023-W03,2023,3,2023-01-16,2023-01-22,29.3,29.3,50.9,54.1,-1.502,-1.839,-1.472,23.171,30.386,26.157,73.429
2023-W04,2023,4,2023-01-23,2023-01-29,14.7,14.7,61.9,68.8,-1.619,-1.936,-1.702,23.814,30.171,26.571,75.714
2023-W05,2023,5,2023-01-30,2023-02-05,65.4,65.4,120.6,133.2,-1.351,-1.65,-1.696,23.9,29.486,26.186,79.0
2023-W06,2023,6,2023-02-06,2023-02-12,30.8,30.8,140.2,164.0,-1.449,-1.712,-1.819,24.143,29.743,26.357,79.857
2023-W07,2023,7,2023-02-13,2023-02-19,52.3,52.3,163.2,216.1,-1.456,-1.719,-1.767,24.214,29.657,26.243,83.429
2023-W08,2023,8,2023-02-20,2023-02-26,113.0,113.0,261.5,329.1,-1.152,-1.451,-1.591,23.6,28.457,25.371,86.857
2023-W09,2023,9,2023-02-27,2023-03-05,53.8,53.8,249.9,382.7,-1.178,-1.448,-1.66,24.386,29.086,26.171,83.143
2023-W10,2023,10,2023-03-06,2023-03-12,174.2,174.2,393.3,556.6,-0.763,-1.059,-1.521,23.557,28.6,25.457,86.429
2023-W11,2023,11,2023-03-13,2023-03-19,121.9,121.9,462.9,677.0,-0.532,-0.814,-1.458,23.014,29.614,25.729,86.143
2023-W12,2023,12,2023-03-20,2023-03-26,100.4,100.4,450.3,777.4,-0.376,-0.671,-1.39,23.529,29.443,25.786,86.429
2023-W13,2023,13,2023-03-27,2023-04-02,87.3,87.3,483.8,861.0,-0.236,-0.558,-1.33,23.714,29.1,25.714,86.429
2023-W14,2023,14,2023-04-03,2023-04-09,107.3,107.3,416.9,961.6,-0.023,-0.427,-1.162,23.957,29.143,25.9,87.143
2023-W15,2023,15,2023-04-10,2023-04-16,123.9,123.9,418.9,1074.3,0.204,-0.245,-0.949,23.757,29.357,25.829,86.429
2023-W16,2023,16,2023-04-17,2023-04-23,126.8,126.8,445.3,1171.8,0.413,-0.099,-0.797,23.743,29.357,25.9,85.286
2023-W17,2023,17,2023-04-24,2023-04-30,94.0,94.0,452.0,1251.1,0.596,-0.004,-0.653,23.629,30.0,25.971,85.143
2023-W18,2023,18,2023-05-01,2023-05-07,18.6,18.6,363.3,1204.3,0.553,-0.04,-0.63,24.629,29.757,26.929,82.571
2023-W19,2023,19,2023-05-08,2023-05-14,36.5,36.5,275.9,1210.0,0.647,-0.039,-0.58,24.886,29.614,26.829,84.714
2023-W20,2023,20,2023-05-15,2023-05-21,32.8,32.8,181.9,1190.5,0.719,-0.024,-0.531,24.557,29.814,26.643,83.0
2023-W21,2023,21,2023-05-22,2023-05-28,33.6,33.6,121.5,1111.1,0.672,-0.009,-0.483,24.229,28.9,26.171,84.714
2023-W22,2023,22,2023-05-29,2023-06-04,15.8,15.8,118.7,1073.1,0.732,-0.01,-0.462,24.171,29.2,26.229,83.286
2023-W23,2023,23,2023-06-05,2023-06-11,17.4,17.4,99.6,916.3,0.593,-0.006,-0.439,24.229,28.629,26.0,84.0
2023-W24,2023,24,2023-06-12,2023-06-18,0.4,0.4,67.2,794.8,0.489,-0.025,-0.443,23.771,28.957,25.929,83.143
2023-W25,2023,25,2023-06-19,2023-06-25,0.3,0.3,33.9,694.7,0.404,-0.032,-0.45,23.429,28.729,25.7,79.857
2023-W26,2023,26,2023-06-26,2023-07-02,0.3,0.3,18.4,607.7,0.304,-0.029,-0.448,23.814,30.457,26.557,75.143
2023-W27,2023,27,2023-07-03,2023-07-09,9.0,9.0,10.0,509.4,0.21,0.031,-0.435,23.714,30.671,26.471,78.571
2023-W28,2023,28,2023-07-10,2023-07-16,0.7,0.7,10.3,386.2,-0.045,0.042,-0.436,24.257,30.714,26.8,75.143
2023-W29,2023,29,2023-07-17,2023-07-23,0.0,0.0,10.0,259.4,-0.274,0.061,-0.435,23.971,32.157,27.1,71.143
2023-W30,2023,30,2023-07-24,2023-07-30,0.1,0.1,9.8,165.5,-0.524,0.12,-0.435,23.029,31.829,26.543,70.571
2023-W31,2023,31,2023-07-31,2023-08-06,0.0,0.0,0.8,146.9,-0.52,0.127,-0.435,22.929,32.443,26.443,70.571
2023-W32,2023,32,2023-08-07,2023-08-13,0.0,0.0,0.1,110.4,-0.597,0.19,-0.437,22.614,32.2,26.071,70.571
2023-W33,2023,33,2023-08-14,2023-08-20,0.2,0.2,0.3,77.8,-0.711,0.236,-0.438,22.743,31.1,26.2,71.571
2023-W34,2023,34,2023-08-21,2023-08-27,0.0,0.0,0.2,44.2,-0.996,0.187,-0.439,23.071,32.057,26.714,70.571
2023-W35,2023,35,2023-08-28,2023-09-03,0.0,0.0,0.2,28.4,-1.188,0.238,-0.439,22.729,33.2,26.743,68.571
2023-W36,2023,36,2023-09-04,2023-09-10,0.0,0.0,0.2,11.0,-1.529,0.087,-0.456,22.371,32.3,25.971,70.0
2023-W37,2023,37,2023-09-11,2023-09-17,0.0,0.0,0.0,10.6,-1.506,0.007,-0.456,22.371,32.086,26.171,68.714
2023-W38,2023,38,2023-09-18,2023-09-24,0.0,0.0,0.0,10.3,-1.409,-0.05,-0.456,22.4,32.943,26.257,69.0
2023-W39,2023,39,2023-09-25,2023-10-01,0.0,0.0,0.0,10.0,-1.364,-0.122,-0.458,22.686,33.571,26.814,67.571
2023-W40,2023,40,2023-10-02,2023-10-08,0.0,0.0,0.0,1.0,-2.092,-0.207,-0.457,23.0,33.343,26.986,66.714
2023-W41,2023,41,2023-10-09,2023-10-15,3.7,3.7,3.7,4.0,-1.686,-0.397,-0.454,23.357,32.071,26.7,71.143
2023-W42,2023,42,2023-10-16,2023-10-22,0.3,0.3,4.0,4.3,-1.704,-0.572,-0.453,23.3,30.957,26.214,73.714
2023-W43,2023,43,2023-10-23,2023-10-29,19.7,19.7,23.7,23.9,-1.039,-0.713,-0.425,23.171,30.371,25.871,78.286
2023-W44,2023,44,2023-10-30,2023-11-05,6.1,6.1,29.8,30.0,-0.954,-0.695,-0.421,22.614,30.271,25.471,79.286
2023-W45,2023,45,2023-11-06,2023-11-12,0.0,0.0,26.1,30.0,-0.962,-0.755,-0.425,22.443,31.657,25.914,72.429
2023-W46,2023,46,2023-11-13,2023-11-19,1.7,1.7,27.5,31.5,-1.002,-0.872,-0.421,22.786,30.514,25.843,75.286
2023-W47,2023,47,2023-11-20,2023-11-26,3.9,3.9,11.7,35.4,-0.954,-1.054,-0.415,23.086,32.686,26.814,70.286
2023-W48,2023,48,2023-11-27,2023-12-03,0.3,0.3,5.9,35.7,-0.912,-1.158,-0.412,23.0,31.671,26.514,70.429
2023-W49,2023,49,2023-12-04,2023-12-10,0.3,0.3,6.2,36.0,-0.969,-1.322,-0.41,23.414,32.229,27.029,68.714
2023-W50,2023,50,2023-12-11,2023-12-17,5.0,5.0,9.5,41.0,-0.938,-1.302,-0.41,23.943,32.514,27.314,70.286
2023-W51,2023,51,2023-12-18,2023-12-24,13.4,13.4,19.0,54.4,-0.766,-1.177,-0.396,23.786,32.529,27.314,71.429
2023-W52,2023,52,2023-12-25,2023-12-31,26.3,26.3,45.0,80.7,-0.533,-0.998,-0.368,23.571,30.171,26.057,78.0
2024-W01,2024,1,2024-01-01,2024-01-07,11.7,11.7,56.4,92.4,-0.575,-1.087,-0.338,23.843,31.486,26.643,76.429
2024-W02,2024,2,2024-01-08,2024-01-14,14.9,14.9,66.3,103.6,-0.66,-1.133,-0.337,24.286,32.071,27.143,75.286
2024-W03,2024,3,2024-01-15,2024-01-21,6.0,6.0,58.9,109.3,-0.873,-1.302,-0.366,24.514,32.114,27.486,75.143
2024-W04,2024,4,2024-01-22,2024-01-28,10.0,10.0,42.6,99.6,-1.269,-1.47,-0.382,25.271,32.943,28.329,73.429
2024-W05,2024,5,2024-01-29,2024-02-04,76.4,76.4,107.3,169.9,-1.065,-1.254,-0.364,24.757,31.0,27.057,82.286
2024-W06,2024,6,2024-02-05,2024-02-11,105.8,105.8,198.2,275.7,-0.748,-0.988,-0.257,24.829,29.986,26.714,84.571
2024-W07,2024,7,2024-02-12,2024-02-18,25.3,25.3,217.5,299.3,-0.97,-1.168,-0.302,25.071,30.457,27.214,83.143
2024-W08,2024,8,2024-02-19,2024-02-25,107.3,107.3,314.8,402.7,-0.799,-1.014,-0.321,24.357,30.429,26.571,85.286
2024-W09,2024,9,2024-02-26,2024-03-03,66.2,66.2,304.6,468.6,-0.8,-0.996,-0.314,24.186,30.343,26.5,84.143
2024-W10,2024,10,2024-03-04,2024-03-10,29.7,29.7,228.5,498.0,-0.991,-1.147,-0.521,24.971,30.029,26.929,83.429
2024-W11,2024,11,2024-03-11,2024-03-17,2.0,2.0,205.2,495.0,-1.192,-1.266,-0.69,25.3,31.0,27.714,78.0
2024-W12,2024,12,2024-03-18,2024-03-24,20.6,20.6,118.5,502.2,-1.315,-1.33,-0.827,24.857,31.857,27.6,77.286
2024-W13,2024,13,2024-03-25,2024-03-31,11.2,11.2,63.5,487.1,-1.498,-1.4,-0.947,24.057,32.414,27.471,73.714
2024-W14,2024,14,2024-04-01,2024-04-07,0.9,0.9,34.7,476.3,-1.575,-1.511,-1.117,24.457,32.643,27.886,67.429
2024-W15,2024,15,2024-04-08,2024-04-14,0.0,0.0,32.7,461.4,-1.674,-1.582,-1.314,24.971,33.486,28.857,63.0
2024-W16,2024,16,2024-04-15,2024-04-21,16.2,16.2,28.3,471.6,-1.664,-1.615,-1.497,25.0,33.014,28.014,71.571
2024-W17,2024,17,2024-04-22,2024-04-28,25.6,25.6,42.7,487.2,-1.49,-1.642,-1.623,24.871,32.143,27.786,73.429
2024-W18,2024,18,2024-04-29,2024-05-05,4.2,4.2,46.0,415.0,-1.608,-1.69,-1.644,24.729,32.8,28.143,68.571
2024-W19,2024,19,2024-05-06,2024-05-12,6.7,6.7,52.7,315.9,-1.947,-1.732,-1.704,24.614,31.143,27.5,73.571
2024-W20,2024,20,2024-05-13,2024-05-19,3.0,3.0,39.5,293.6,-1.877,-1.728,-1.744,23.643,31.414,26.857,74.714
2024-W21,2024,21,2024-05-20,2024-05-26,0.1,0.1,14.0,186.4,-2.247,-1.768,-1.807,23.414,31.643,26.829,70.714
2024-W22,2024,22,2024-05-27,2024-06-02,1.7,1.7,11.5,121.9,-2.464,-1.783,-1.839,22.786,30.943,26.271,72.0
2024-W23,2024,23,2024-06-03,2024-06-09,0.0,0.0,4.8,92.2,-2.419,-1.791,-1.866,22.214,31.043,25.786,70.286
2024-W24,2024,24,2024-06-10,2024-06-16,3.9,3.9,5.7,94.1,-2.178,-1.839,-1.861,21.886,30.214,25.314,71.857
2024-W25,2024,25,2024-06-17,2024-06-23,0.4,0.4,6.0,73.9,-2.155,-1.878,-1.858,22.257,31.386,25.857,71.143
2024-W26,2024,26,2024-06-24,2024-06-30,3.1,3.1,7.4,65.8,-2.141,-1.965,-1.854,22.286,31.229,25.8,70.857
2024-W27,2024,27,2024-07-01,2024-07-07,0.0,0.0,7.4,64.9,-1.929,-1.944,-1.882,22.657,30.814,25.871,70.571
2024-W28,2024,28,2024-07-08,2024-07-14,4.7,4.7,8.2,69.6,-1.739,-1.92,-1.869,21.914,31.229,25.471,71.429
2024-W29,2024,29,2024-07-15,2024-07-21,0.0,0.0,7.8,53.4,-1.553,-1.892,-1.863,20.729,31.1,24.629,70.143
2024-W30,2024,30,2024-07-22,2024-07-28,0.0,0.0,4.7,27.8,-1.731,-1.798,-1.859,20.986,31.686,24.829,68.857
2024-W31,2024,31,2024-07-29,2024-08-04,0.0,0.0,4.7,23.6,-1.721,-1.891,-1.859,21.829,30.271,25.014,70.857
2024-W32,2024,32,2024-08-05,2024-08-11,0.7,0.7,0.7,17.6,-1.681,-2.133,-1.862,21.4,30.6,24.786,70.714
2024-W33,2024,33,2024-08-12,2024-08-18,0.0,0.0,0.7,14.6,-1.611,-2.091,-1.864,21.186,30.0,24.229,72.0
2024-W34,2024,34,2024-08-19,2024-08-25,0.0,0.0,0.7,14.5,-1.563,-2.363,-1.868,20.857,30.014,24.486,70.286
2024-W35,2024,35,2024-08-26,2024-09-01,0.9,0.9,1.6,13.7,-1.54,-2.512,-1.868,19.871,31.2,24.114,69.143
2024-W36,2024,36,2024-09-02,2024-09-08,0.0,0.0,0.9,13.7,-1.435,-2.453,-1.871,19.5,31.471,23.943,68.429
2024-W37,2024,37,2024-09-09,2024-09-15,0.0,0.0,0.9,9.8,-1.538,-2.224,-1.872,20.586,31.814,24.714,69.0
2024-W38,2024,38,2024-09-16,2024-09-22,0.0,0.0,0.9,9.4,-1.445,-2.167,-1.875,20.786,31.071,24.529,68.857
2024-W39,2024,39,2024-09-23,2024-09-29,0.0,0.0,0.0,6.3,-1.539,-2.127,-1.875,20.671,31.014,24.543,69.714
2024-W40,2024,40,2024-09-30,2024-10-06,0.2,0.2,0.2,6.5,-1.488,-1.923,-1.877,21.286,31.929,25.186,68.429
2024-W41,2024,41,2024-10-07,2024-10-13,0.3,0.3,0.5,2.1,-1.902,-1.798,-1.885,21.429,31.729,25.143,68.714
2024-W42,2024,42,2024-10-14,2024-10-20,0.0,0.0,0.5,2.1,-1.952,-1.663,-1.882,21.657,31.786,25.3,69.0
2024-W43,2024,43,2024-10-21,2024-10-27,0.2,0.2,0.7,2.3,-2.006,-1.836,-1.92,21.8,32.157,25.4,69.429
2024-W44,2024,44,2024-10-28,2024-11-03,0.5,0.5,1.0,2.8,-1.999,-1.837,-1.94,20.7,30.829,24.429,68.286
2024-W45,2024,45,2024-11-04,2024-11-10,0.3,0.3,1.0,2.4,-2.089,-1.838,-1.951,20.614,31.0,24.229,70.286
2024-W46,2024,46,2024-11-11,2024-11-17,0.0,0.0,1.0,2.4,-2.217,-1.868,-1.949,20.929,32.043,24.971,67.0
2024-W47,2024,47,2024-11-18,2024-11-24,0.0,0.0,0.8,2.4,-2.266,-1.871,-1.956,21.1,32.657,25.386,66.0
2024-W48,2024,48,2024-11-25,2024-12-01,0.0,0.0,0.3,1.5,-2.403,-1.899,-1.952,22.043,33.386,26.1,64.143
2024-W49,2024,49,2024-12-02,2024-12-08,1.1,1.1,1.1,2.6,-2.322,-1.859,-1.944,22.643,33.557,26.743,64.429
2024-W50,2024,50,2024-12-09,2024-12-15,1.4,1.4,2.5,4.0,-2.249,-1.985,-1.971,23.171,33.471,27.357,62.0
2024-W51,2024,51,2024-12-16,2024-12-22,3.1,3.1,5.6,7.1,-2.018,-1.921,-2.003,23.171,34.286,27.457,60.857
2024-W52,2024,52,2024-12-23,2024-12-29,9.6,9.6,15.2,16.7,-1.63,-1.807,-2.043,23.329,32.729,27.071,68.286
2025-W01,2025,1,2024-12-30,2025-01-05,52.6,52.6,66.7,69.1,-0.826,-1.237,-1.946,22.9,29.271,25.343,81.857
2025-W02,2025,2,2025-01-06,2025-01-12,5.7,5.7,71.0,74.5,-0.962,-1.393,-2.01,23.271,30.3,26.071,79.143
2025-W03,2025,3,2025-01-13,2025-01-19,28.4,28.4,96.3,102.9,-0.932,-1.369,-1.939,23.429,31.186,26.3,78.286
2025-W04,2025,4,2025-01-20,2025-01-26,2.4,2.4,89.1,105.1,-1.216,-1.596,-1.963,23.443,32.129,26.9,72.143
2025-W05,2025,5,2025-01-27,2025-02-02,6.0,6.0,42.5,110.6,-1.557,-1.834,-2.161,24.157,33.6,28.086,63.429
2025-W06,2025,6,2025-02-03,2025-02-09,57.9,57.9,94.7,168.2,-1.417,-1.69,-2.238,24.414,32.371,27.314,73.429
2025-W07,2025,7,2025-02-10,2025-02-16,210.2,210.2,276.5,378.4,-0.591,-0.964,-1.812,23.3,29.271,25.114,89.571
2025-W08,2025,8,2025-02-17,2025-02-23,187.8,187.8,461.9,566.2,-0.152,-0.57,-1.661,23.1,29.714,25.214,88.714
2025-W09,2025,9,2025-02-24,2025-03-02,197.3,197.3,653.2,763.5,0.216,-0.216,-1.419,23.643,30.043,25.657,87.857
2025-W10,2025,10,2025-03-03,2025-03-09,175.6,175.6,770.9,938.0,0.422,-0.007,-1.171,23.129,30.557,25.843,87.143
2025-W11,2025,11,2025-03-10,2025-03-16,177.9,177.9,738.6,1114.5,0.663,0.232,-0.874,23.514,31.057,25.957,86.571
2025-W12,2025,12,2025-03-17,2025-03-23,63.3,63.3,614.1,1174.7,0.64,0.231,-0.821,24.029,30.943,26.557,82.714
2025-W13,2025,13,2025-03-24,2025-03-30,151.4,151.4,568.2,1316.5,0.868,0.411,-0.609,24.071,31.186,26.586,83.571
2025-W14,2025,14,2025-03-31,2025-04-06,83.0,83.0,475.6,1346.9,0.856,0.434,-0.488,24.029,31.7,26.714,83.714
2025-W15,2025,15,2025-04-07,2025-04-13,127.7,127.7,425.4,1468.9,1.04,0.551,-0.306,24.171,30.9,26.643,83.429
2025-W16,2025,16,2025-04-14,2025-04-20,15.2,15.2,377.3,1455.7,1.006,0.47,-0.295,24.314,31.429,27.057,80.0
2025-W17,2025,17,2025-04-21,2025-04-27,36.7,36.7,262.6,1490.0,1.059,0.444,-0.279,23.757,31.057,26.429,81.571
2025-W18,2025,18,2025-04-28,2025-05-04,13.9,13.9,193.5,1497.9,1.096,0.391,-0.268,23.3,31.057,26.357,78.714
2025-W19,2025,19,2025-05-05,2025-05-11,3.6,3.6,69.4,1443.6,1.08,0.336,-0.271,23.4,30.2,26.3,78.429
2025-W20,2025,20,2025-05-12,2025-05-18,32.9,32.9,87.1,1266.3,0.863,0.337,-0.225,23.329,30.071,26.014,80.714
2025-W21,2025,21,2025-05-19,2025-05-25,1.5,1.5,51.9,1080.0,0.611,0.3,-0.222,23.057,29.929,25.786,80.143
2025-W22,2025,22,2025-05-26,2025-06-01,0.4,0.4,38.4,883.1,0.352,0.274,-0.222,22.614,30.1,25.643,78.714
2025-W23,2025,23,2025-06-02,2025-06-08,0.0,0.0,34.8,707.5,0.142,0.247,-0.221,22.2,30.243,25.429,76.286
2025-W24,2025,24,2025-06-09,2025-06-15,3.2,3.2,5.1,532.8,-0.147,0.237,-0.224,22.186,30.043,25.271,77.714
2025-W25,2025,25,2025-06-16,2025-06-22,0.4,0.4,4.0,469.9,-0.17,0.224,-0.227,22.029,29.886,25.057,76.857
2025-W26,2025,26,2025-06-23,2025-06-29,12.5,12.5,16.1,331.0,-0.522,0.24,-0.213,21.386,29.914,24.986,76.714
2025-W27,2025,27,2025-06-30,2025-07-06,2.7,2.7,18.8,250.7,-0.667,0.224,-0.207,22.129,29.757,25.214,75.286
2025-W28,2025,28,2025-07-07,2025-07-13,0.4,0.4,16.0,123.4,-1.256,0.24,-0.214,21.843,30.571,25.029,72.286
2025-W29,2025,29,2025-07-14,2025-07-20,0.9,0.9,16.5,109.1,-1.038,0.266,-0.212,21.114,32.186,25.214,71.143
2025-W30,2025,30,2025-07-21,2025-07-27,0.0,0.0,4.0,72.4,-1.145,0.341,-0.212,20.714,31.957,24.9,69.857
2025-W31,2025,31,2025-07-28,2025-08-03,0.3,0.3,1.6,58.8,-1.184,0.435,-0.211,20.729,32.057,24.9,69.857
2025-W32,2025,32,2025-08-04,2025-08-10,0.2,0.2,1.4,55.4,-1.056,0.459,-0.212,21.129,32.086,25.157,71.571
2025-W33,2025,33,2025-08-11,2025-08-17,0.1,0.1,0.6,22.6,-1.404,0.269,-0.213,21.129,30.857,24.629,72.0
2025-W34,2025,34,2025-08-18,2025-08-24,0.1,0.1,0.7,21.2,-1.383,0.098,-0.213,20.529,31.886,24.7,70.571
2025-W35,2025,35,2025-08-25,2025-08-31,0.0,0.0,0.4,20.8,-1.344,-0.1,-0.215,20.8,32.129,24.957,69.429
2025-W36,2025,36,2025-09-01,2025-09-07,0.0,0.0,0.2,20.8,-1.246,-0.279,-0.232,21.014,32.843,25.314,67.0
2025-W37,2025,37,2025-09-08,2025-09-14,0.0,0.0,0.1,17.6,-1.286,-0.509,-0.233,21.357,31.843,25.086,68.429
2025-W38,2025,38,2025-09-15,2025-09-21,0.9,0.9,0.9,18.1,-1.173,-0.508,-0.231,21.729,32.343,25.671,68.714
2025-W39,2025,39,2025-09-22,2025-09-28,0.1,0.1,1.0,5.7,-1.575,-0.807,-0.233,21.6,31.271,25.114,68.571
2025-W40,2025,40,2025-09-29,2025-10-05,2.9,2.9,3.9,5.9,-1.523,-0.908,-0.229,21.157,31.5,25.071,71.286
2025-W41,2025,41,2025-10-06,2025-10-12,8.8,8.8,12.7,14.3,-1.197,-1.326,-0.22,21.614,31.029,25.371,70.571
2025-W42,2025,42,2025-10-13,2025-10-19,1.7,1.7,13.5,15.1,-1.203,-1.149,-0.216,21.557,29.9,24.614,74.429
2025-W43,2025,43,2025-10-20,2025-10-26,3.8,3.8,17.2,18.9,-1.154,-1.213,-0.21,21.514,30.743,24.9,72.857
2025-W44,2025,44,2025-10-27,2025-11-02,9.9,9.9,24.2,28.5,-0.982,-1.175,-0.201,21.171,29.4,24.271,77.714
2025-W45,2025,45,2025-11-03,2025-11-09,9.5,9.5,24.9,37.8,-0.83,-1.021,-0.192,21.357,29.586,24.671,76.286
2025-W46,2025,46,2025-11-10,2025-11-16,19.3,19.3,42.5,57.0,-0.623,-1.07,-0.168,21.771,31.443,25.5,73.571
2025-W47,2025,47,2025-11-17,2025-11-23,0.1,0.1,38.8,57.0,-0.639,-1.065,-0.168,22.143,30.214,25.286,73.571
2025-W48,2025,48,2025-11-24,2025-11-30,6.8,6.8,35.7,63.8,-0.522,-0.989,-0.157,22.529,32.471,26.2,69.714
2025-W49,2025,49,2025-12-01,2025-12-07,0.0,0.0,26.2,63.8,-0.563,-0.971,-0.157,21.843,32.143,25.714,69.714
2025-W50,2025,50,2025-12-08,2025-12-14,0.0,0.0,6.9,63.8,-0.606,-1.021,-0.161,21.257,33.429,25.714,65.714
2025-W51,2025,51,2025-12-15,2025-12-21,0.0,0.0,6.8,62.9,-0.653,-1.033,-0.168,21.971,32.971,26.243,64.143
2025-W52,2025,52,2025-12-22,2025-12-28,0.6,0.6,0.6,63.4,-0.729,-1.177,-0.178,23.129,33.1,27.2,63.857
2026-W01,2026,1,2025-12-29,2026-01-04,6.9,6.9,7.5,67.4,-0.847,-1.258,-0.206,23.014,32.457,26.8,65.286
2026-W02,2026,2,2026-01-05,2026-01-11,12.2,12.2,19.7,70.8,-1.006,-1.315,-0.199,23.6,32.157,27.014,65.286
2026-W03,2026,3,2026-01-12,2026-01-18,86.5,86.5,106.2,155.6,-0.51,-0.937,-0.129,23.343,30.1,25.829,81.571
2026-W04,2026,4,2026-01-19,2026-01-25,72.5,72.5,178.1,224.3,-0.37,-0.789,-0.056,23.9,29.957,26.086,82.286
2026-W05,2026,5,2026-01-26,2026-02-01,91.6,91.6,262.8,306.0,-0.286,-0.645,0.05,23.329,28.943,25.457,83.857
2026-W06,2026,6,2026-02-02,2026-02-08,86.5,86.5,337.1,383.0,-0.246,-0.552,0.085,23.771,29.257,25.7,84.429
2026-W07,2026,7,2026-02-09,2026-02-15,68.4,68.4,319.0,432.1,-0.363,-0.58,-0.083,23.714,30.014,26.157,81.857
2026-W08,2026,8,2026-02-16,2026-02-22,142.8,142.8,389.3,574.8,-0.122,-0.38,-0.147,23.414,30.643,25.786,85.714
2026-W09,2026,9,2026-02-23,2026-03-01,129.9,129.9,427.6,697.9,0.016,-0.225,-0.238,23.657,30.514,26.043,86.571
2026-W10,2026,10,2026-03-02,2026-03-08,69.1,69.1,410.2,767.0,-0.059,-0.274,-0.386,23.871,29.971,26.114,85.0
2026-W11,2026,11,2026-03-09,2026-03-15,74.4,74.4,416.2,841.4,-0.035,-0.235,-0.524,23.9,31.414,26.614,83.857
2026-W12,2026,12,2026-03-16,2026-03-22,110.4,110.4,383.8,951.8,0.104,-0.116,-0.472,23.6,31.557,26.843,81.714
2026-W13,2026,13,2026-03-23,2026-03-29,4.1,4.1,258.0,955.3,0.02,-0.214,-0.683,24.414,31.429,27.3,75.571
2026-W14,2026,14,2026-03-30,2026-04-05,1.4,1.4,190.3,949.8,-0.053,-0.337,-0.799,24.329,32.286,27.671,71.857
2026-W15,2026,15,2026-04-06,2026-04-12,2.0,2.0,117.9,939.6,-0.129,-0.431,-0.979,25.229,33.2,28.614,66.0
2026-W16,2026,16,2026-04-13,2026-04-19,77.6,77.6,85.1,930.7,-0.17,-0.369,-0.858,24.686,32.386,27.471,77.0
2026-W17,2026,17,2026-04-20,2026-04-26,76.1,76.1,157.1,934.3,-0.119,-0.296,-0.791,23.943,31.214,26.657,81.286
2026-W18,2026,18,2026-04-27,2026-05-03,8.0,8.0,163.7,850.7,-0.234,-0.361,-0.797,24.143,30.443,26.7,77.714
2026-W19,2026,19,2026-05-04,2026-05-10,22.9,22.9,184.6,787.1,-0.305,-0.397,-0.766,24.1,31.214,26.929,80.286
2026-W20,2026,20,2026-05-11,2026-05-17,6.3,6.3,113.3,725.0,-0.333,-0.45,-0.791,24.514,31.186,27.229,76.0
2026-W21,2026,21,2026-05-18,2026-05-24,0.7,0.7,37.9,582.9,-0.568,-0.484,-0.786,24.543,32.357,27.886,69.857
2026-W22,2026,22,2026-05-25,2026-05-31,0.2,0.2,30.1,453.2,-0.781,-0.52,-0.786,24.6,33.1,28.157,67.0
2026-W23,2026,23,2026-06-01,2026-06-07,24.6,24.6,31.8,408.7,-0.698,-0.494,-0.745,24.586,31.814,27.143,76.143
2026-W24,2026,24,2026-06-08,2026-06-14,40.2,40.2,65.7,374.5,-0.643,-0.447,-0.695,24.043,30.429,26.629,80.857
2026-W25,2026,25,2026-06-15,2026-06-21,4.6,4.6,69.6,268.7,-0.878,-0.445,-0.69,24.114,30.886,26.8,76.571
2026-W26,2026,26,2026-06-22,2026-06-28,0.5,0.5,69.9,265.1,-0.788,-0.442,-0.706,24.371,31.943,27.414,71.429
2026-W27,2026,27,2026-06-29,2026-07-05,1.4,1.4,46.7,265.1,-0.605,-0.395,-0.708,24.029,32.514,27.5,69.857
2026-W28,2026,28,2026-07-06,2026-07-12,0.4,0.4,6.9,263.5,-0.496,-0.383,-0.708,24.2,32.171,27.329,70.857
2026-W29,2026,29,2026-07-13,2026-07-19,0.4,0.4,2.7,186.3,-0.587,-0.479,-0.706,24.329,33.143,27.8,67.714
2026-W30,2026,30,2026-07-20,2026-07-26,8.3,8.3,10.5,118.5,-0.791,-0.505,-0.693,24.214,32.371,27.386,71.286
2026-W31,2026,31,2026-07-27,2026-08-02,1.7,1.7,10.8,112.2,-0.731,-0.555,-0.691,24.771,32.529,27.829,69.0
2026-W32,2026,32,2026-08-03,2026-08-09,0.3,0.3,10.7,89.6,-0.744,-0.604,-0.692,24.229,33.057,27.686,67.429
2026-W33,2026,33,2026-08-10,2026-08-16,5.0,5.0,15.3,88.3,-0.628,-0.604,-0.687,24.429,33.586,27.843,67.857
2026-W34,2026,34,2026-08-17,2026-08-23,2.1,2.1,9.1,89.7,-0.558,-0.744,-0.685,24.286,32.414,27.4,71.857
2026-W35,2026,35,2026-08-24,2026-08-30,2.3,2.3,9.7,91.8,-0.494,-0.872,-0.683,24.257,32.214,27.414,68.714
